time,latitude,longitude,depth,mag,magType,nst,gap,dmin,rms,net,id,updated,place,type,horizontalError,depthError,magError,magNst,status,locationSource,magSource
2020-10-18T10:19:23.423Z,-4.4242,129.3506,180.17,4.3,mb,,85,3.255,0.67,us,us6000c95w,2020-10-18T10:58:06.040Z,"129 km SSE of Amahai, Indonesia",earthquake,7,7.6,0.116,21,reviewed,us,us
2020-10-18T06:14:37.571Z,37.2749,71.8978,134.12,4.4,mb,,59,2.206,0.55,us,us6000c94s,2020-10-18T07:06:28.040Z,"38 km SE of Khorugh, Tajikistan",earthquake,3.8,9.2,0.1,29,reviewed,us,us
2020-10-18T06:07:03.942Z,17.5059,145.4194,483.88,4.5,mb,,33,2.28,0.7,us,us6000c94r,2020-10-18T06:27:12.040Z,"256 km N of Saipan, Northern Mariana Islands",earthquake,10.6,6.3,0.031,302,reviewed,us,us
2020-10-18T06:01:38.620Z,2.5228,128.225,56.99,4.7,mb,,69,1.939,0.56,us,us6000c94q,2020-10-18T06:57:58.040Z,"91 km NNE of Tobelo, Indonesia",earthquake,8.4,7,0.063,77,reviewed,us,us
2020-10-18T05:46:54.992Z,11.1513,125.9177,35,4.8,mb,,134,4.069,0.57,us,us6000c94l,2020-10-18T06:10:00.185Z,"25 km ENE of Guiuan, Philippines",earthquake,6.6,2,0.086,42,reviewed,us,us
2020-10-17T22:45:26.014Z,38.1145,76.8822,10,4.4,mb,,82,3.377,0.69,us,us6000c921,2020-10-17T23:00:27.040Z,"45 km SW of Shache, China",earthquake,8.6,1.9,0.114,22,reviewed,us,us
2020-10-17T20:58:32.126Z,-6.081,122.5387,10,4.5,mb,,70,2.555,0.85,us,us6000c91p,2020-10-17T21:49:03.040Z,"126 km S of Katabu, Indonesia",earthquake,2.8,1.9,0.125,19,reviewed,us,us
2020-10-17T17:54:58.814Z,-3.2615,100.3004,10,5.3,mb,,27,2.865,0.88,us,us6000c90z,2020-10-17T18:32:03.040Z,"180 km SW of Sungai Penuh, Indonesia",earthquake,5,1.7,0.055,113,reviewed,us,us
2020-10-17T17:21:09.947Z,54.0404,86.1075,10,4.7,mb,,69,0.766,1.05,us,us6000c90v,2020-10-18T06:25:23.330Z,"15 km SW of Artyshta, Russia",earthquake,7.4,1.9,0.07,62,reviewed,us,us
2020-10-17T15:03:13.076Z,23.2621,120.3029,10,4.4,mb,,59,0.302,1,us,us6000c903,2020-10-18T08:28:13.559Z,"22 km NW of Yujing, Taiwan",earthquake,2.5,1.9,0.11,24,reviewed,us,us
2020-10-17T14:58:16.090Z,4.5963,125.8196,173.63,4.6,mb,,116,2.468,0.52,us,us6000c8zz,2020-10-17T15:20:18.040Z,"97 km SSE of Sarangani, Philippines",earthquake,10.2,10.4,0.133,17,reviewed,us,us
2020-10-17T08:08:01.576Z,-3.6826,134.7803,45.61,4.4,mb,,149,2.638,0.53,us,us6000c8y4,2020-10-17T08:32:34.040Z,"87 km WSW of Nabire, Indonesia",earthquake,8.1,9.1,0.106,26,reviewed,us,us
2020-10-17T05:44:31.110Z,1.5428,126.5166,55.9,4.7,mb,,97,1.144,0.86,us,us6000c8xd,2020-10-18T04:36:49.040Z,"127 km NW of Ternate, Indonesia",earthquake,4.2,8,0.102,29,reviewed,us,us
2020-10-17T04:48:04.915Z,45.366,150.0054,60,5.2,mb,,118,5.279,0.85,us,us6000c8x1,2020-10-17T05:07:08.040Z,"167 km E of Kuril’sk, Russia",earthquake,9.3,6.6,0.022,652,reviewed,us,us
2020-10-17T02:37:33.247Z,-6.0364,130.4384,143.33,4.6,mb,,72,2.113,0.79,us,us6000c8wk,2020-10-17T02:51:53.040Z,"260 km W of Tual, Indonesia",earthquake,9.3,8.4,0.12,21,reviewed,us,us
2020-10-17T01:16:35.841Z,36.5147,71.0067,164.96,4.4,mb,,63,2.538,0.99,us,us6000c8w9,2020-10-17T01:36:19.040Z,"41 km SSE of Jurm, Afghanistan",earthquake,8,7.6,0.097,31,reviewed,us,us
2020-10-17T00:36:01.135Z,-3.3122,100.2844,10,5.1,mww,,53,2.861,0.85,us,us6000c8w6,2020-10-17T00:55:15.040Z,"185 km SW of Sungai Penuh, Indonesia",earthquake,6.8,1.8,0.098,10,reviewed,us,us
2020-10-16T20:06:27.817Z,13.6651,120.2743,63.07,5.4,mww,,27,3.868,0.89,us,us6000c8v2,2020-10-17T20:10:16.568Z,"6 km SSE of Looc, Philippines",earthquake,6.9,4.7,0.066,22,reviewed,us,us
2020-10-16T10:10:53.325Z,36.6356,71.2304,222.2,4.9,mww,,56,2.747,0.93,us,us6000c8qv,2020-10-16T10:29:19.040Z,"27 km W of Ashkāsham, Afghanistan",earthquake,6.6,6.2,0.093,11,reviewed,us,us
2020-10-16T08:44:31.675Z,-7.6239,128.5857,112.14,4.2,mb,,80,2.711,0.7,us,us6000c8qf,2020-10-16T09:03:24.040Z,"201 km ENE of Lospalos, Timor Leste",earthquake,5.9,13,0.187,8,reviewed,us,us
2020-10-16T08:13:31.237Z,29.612,67.5585,18.93,4.3,mb,,134,5.073,0.33,us,us6000c8q9,2020-10-16T08:53:09.040Z,"17 km NNW of Dadhar, Pakistan",earthquake,10.5,4.7,0.147,13,reviewed,us,us
2020-10-16T05:45:40.136Z,-5.3448,101.7916,27.16,4.5,mb,,112,1.517,0.51,us,us6000c8pm,2020-10-16T06:10:49.040Z,"178 km SSW of Bengkulu, Indonesia",earthquake,7.7,6.3,0.172,10,reviewed,us,us
2020-10-16T00:32:45.680Z,10.4529,122.2611,35,4.8,mb,,98,4.696,0.7,us,us6000c8ms,2020-10-16T06:11:25.185Z,"19 km SE of San Joaquin, Philippines",earthquake,8.6,1.2,0.076,53,reviewed,us,us
2020-10-15T22:06:27.755Z,-3.4216,100.0797,10,4.5,mb,,166,3.017,0.97,us,us6000c8m0,2020-10-15T22:34:22.040Z,"209 km SW of Sungai Penuh, Indonesia",earthquake,9.9,1.9,0.15,13,reviewed,us,us
2020-10-15T16:52:41.247Z,-0.4881,98.7029,41.29,4.4,mb,,148,2.107,0.88,us,us6000c8k2,2020-10-15T18:54:44.040Z,"158 km W of Pariaman, Indonesia",earthquake,8.9,8.5,0.105,30,reviewed,us,us
2020-10-15T15:20:05.098Z,33.8933,136.9454,353.06,4,mb,,69,1.454,0.9,us,us6000c8jp,2020-10-15T17:12:02.040Z,"66 km S of Toba, Japan",earthquake,8.7,6.8,0.057,83,reviewed,us,us
2020-10-15T15:19:20.264Z,5.2303,127.1073,95.56,4.5,mb,,111,2.376,0.65,us,us6000c8jm,2020-10-15T15:40:55.040Z,"161 km SE of Pondaguitan, Philippines",earthquake,7.8,3,0.099,34,reviewed,us,us
2020-10-15T10:34:12.977Z,-3.2484,100.3297,25.38,4.9,mb,,130,2.843,0.77,us,us6000c8hl,2020-10-15T10:51:00.040Z,"176 km SW of Sungai Penuh, Indonesia",earthquake,9.5,6.1,0.106,28,reviewed,us,us
2020-10-15T09:41:15.328Z,-3.2272,100.3277,10,5.2,mww,,46,2.853,1.16,us,us6000c8hc,2020-10-16T22:16:19.265Z,"175 km SW of Sungai Penuh, Indonesia",earthquake,7.1,1.8,0.065,23,reviewed,us,us
2020-10-15T08:51:35.946Z,7.2276,126.3166,10,4.6,mb,,39,0.748,0.69,us,us6000c8h6,2020-10-16T12:47:23.040Z,"Mindanao, Philippines",earthquake,6.5,1.9,0.077,50,reviewed,us,us
2020-10-15T04:59:52.806Z,3.9133,95.7759,47.81,4.9,mb,,165,1.752,0.92,us,us6000c8fj,2020-10-15T05:13:13.040Z,"46 km WSW of Meulaboh, Indonesia",earthquake,8.8,3.3,0.106,28,reviewed,us,us
2020-10-15T04:26:12.686Z,-7.5864,128.0638,152.66,4.5,mb,,55,3.229,1.4,us,us6000c8fa,2020-10-15T04:40:40.040Z,"156 km NE of Lospalos, Timor Leste",earthquake,7.8,8.4,0.121,20,reviewed,us,us
2020-10-14T15:28:40.567Z,-9.8213,65.9272,10,5,mww,,74,20.268,0.55,us,us6000c8av,2020-10-14T16:16:01.040Z,"Mid-Indian Ridge",earthquake,11.2,1.8,0.089,12,reviewed,us,us
2020-10-14T11:06:17.693Z,27.3958,54.4725,10,4.6,mb,,66,2.894,0.54,us,us6000c886,2020-10-14T11:20:40.040Z,"45 km SE of Gerāsh, Iran",earthquake,5.8,1.6,0.089,38,reviewed,us,us
2020-10-14T10:42:36.626Z,37.4156,141.8247,38.15,4.4,mb,,135,3.023,1.01,us,us6000c87x,2020-10-14T11:08:23.040Z,"73 km E of Namie, Japan",earthquake,4.2,8.5,0.106,26,reviewed,us,us
2020-10-14T03:43:31.764Z,6.5017,125.9381,125,4.3,mb,,145,0.667,0.93,us,us6000c85z,2020-10-15T01:55:16.040Z,"17 km W of Luzon, Philippines",earthquake,12.7,7.7,0.119,20,reviewed,us,us
2020-10-13T13:16:03.932Z,33.4881,141.0171,54.04,4.8,mb,,85,1.074,0.45,us,us6000c806,2020-10-13T15:40:15.040Z,"194 km SSE of Katsuura, Japan",earthquake,7.3,3,0.037,224,reviewed,us,us
2020-10-13T09:29:52.875Z,13.9313,56.8941,10,5.3,mww,,44,10.976,1.26,us,us6000c7zb,2020-10-14T09:32:35.790Z,"Socotra region",earthquake,10,1.8,0.075,17,reviewed,us,us
2020-10-13T06:49:05.251Z,11.3164,125.6533,62.68,4.7,mb,,52,4.22,0.63,us,us6000c7yq,2020-10-13T19:19:25.771Z,"3 km ESE of Hernani, Philippines",earthquake,7.6,5.5,0.05,123,reviewed,us,us
2020-10-13T04:35:58.616Z,19.8537,121.3389,34.1,4.5,mb,,81,2.959,0.56,us,us6000c7xm,2020-10-18T01:29:12.485Z,"93 km SW of Basco, Philippines",earthquake,9.7,5.5,0.093,34,reviewed,us,us
2020-10-13T02:25:28.373Z,37.0118,71.6586,116.18,4.4,mb,,74,2.47,0.69,us,us6000c7ws,2020-10-14T00:02:27.040Z,"32 km N of Ishqoshim, Tajikistan",earthquake,8.1,8.8,0.143,14,reviewed,us,us
2020-10-12T19:21:40.276Z,9.7721,126.0146,91.55,4.8,mb,,73,2.719,1.17,us,us6000c7un,2020-10-13T06:53:31.231Z,"4 km WNW of Dapa, Philippines",earthquake,8.7,6.9,0.051,118,reviewed,us,us
2020-10-12T19:04:46.367Z,-6.5642,129.5188,188.64,4.5,mb,,92,2.259,1.19,us,us6000c7um,2020-10-14T17:43:53.040Z,"Banda Sea",earthquake,7.8,9.4,0.144,14,reviewed,us,us
2020-10-12T18:41:58.244Z,-4.7763,152.1894,108.88,4.9,mb,,74,0.581,0.92,us,us6000c7uj,2020-10-12T19:08:30.040Z,"48 km S of Kokopo, Papua New Guinea",earthquake,9.1,6.3,0.046,149,reviewed,us,us
2020-10-12T15:39:43.929Z,24.4863,121.9487,14.26,4.3,mb,,56,0.448,0.73,us,us6000c7s1,2020-10-12T19:55:26.769Z,"35 km SSE of Yilan, Taiwan",earthquake,2.3,4.1,0.116,26,reviewed,us,us
2020-10-12T11:47:17.477Z,39.5951,52.021,38.89,4.9,mb,,81,5.628,0.8,us,us6000c7ra,2020-10-12T13:02:14.040Z,"92 km WSW of Türkmenbaşy, Turkmenistan",earthquake,7.3,3.6,0.053,112,reviewed,us,us
2020-10-12T06:32:04.083Z,-5.9657,150.395,62.74,4.2,mb,,135,2.492,0.15,us,us6000c7qb,2020-10-17T07:10:48.040Z,"54 km SSE of Kimbe, Papua New Guinea",earthquake,9.8,10.5,0.176,9,reviewed,us,us
2020-10-12T00:28:31.490Z,29.4554,139.3662,407.74,5.1,mww,,32,5.302,0.81,us,us6000c7m7,2020-10-12T21:39:44.040Z,"Izu Islands, Japan region",earthquake,8.8,5.7,0.098,10,reviewed,us,us
2020-10-11T18:47:54.750Z,-5.8243,153.6801,10,4.7,mb,,107,2.216,0.95,us,us6000c7l6,2020-10-11T19:09:25.040Z,"207 km WNW of Panguna, Papua New Guinea",earthquake,9.8,1.9,0.12,21,reviewed,us,us
2020-10-11T15:08:13.949Z,-4.9277,145.5444,64.5,4.4,mb,,96,3.393,0.69,us,us6000c7kb,2020-10-11T16:20:37.040Z,"42 km NW of Madang, Papua New Guinea",earthquake,8.7,5.7,0.096,31,reviewed,us,us
2020-10-11T13:58:42.930Z,42.0298,142.6571,68.32,4.5,mb,,95,0.372,0.67,us,us6000c7jx,2020-10-15T20:23:34.040Z,"41 km SE of Shizunai-furukawachō, Japan",earthquake,6.5,6.1,0.102,28,reviewed,us,us
2020-10-11T13:37:39.057Z,1.7947,126.324,38.09,4.2,mb,,91,1.455,0.55,us,us6000c7jp,2020-10-15T20:18:51.040Z,"153 km ENE of Laikit, Laikit II (Dimembe), Indonesia",earthquake,9.3,5.1,0.124,18,reviewed,us,us
2020-10-11T13:36:34.605Z,36.1993,70.9932,112.42,4.5,mb,,60,2.297,0.87,us,us6000c7jn,2020-10-15T20:17:30.522Z,"72 km SW of Ashkāsham, Afghanistan",earthquake,6.2,6.3,0.054,99,reviewed,us,us
2020-10-11T11:09:24.169Z,4.5069,96.6871,153.6,4.7,mb,,141,0.762,0.83,us,us6000c7iv,2020-10-11T11:28:36.040Z,"74 km ENE of Meulaboh, Indonesia",earthquake,9.1,6.7,0.08,47,reviewed,us,us
2020-10-11T06:54:53.668Z,13.1225,146.8908,10,4.7,mb,,121,2.022,0.52,us,us6000c7ht,2020-10-11T07:22:29.040Z,"221 km ESE of Yigo Village, Guam",earthquake,6,1.8,0.09,38,reviewed,us,us
2020-10-11T06:02:52.977Z,30.1324,70.2444,26.31,4.1,mb,,165,4.349,0.63,us,us6000c7hh,2020-10-11T06:48:08.040Z,"39 km WNW of Dera Ghazi Khan, Pakistan",earthquake,8.4,9.5,0.158,11,reviewed,us,us
2020-10-11T04:56:52.952Z,36.9073,134.9003,382.33,4.1,mb,,49,2.32,0.73,us,us6000c7h1,2020-10-11T05:18:11.040Z,"135 km NW of Mikuni, Japan",earthquake,11,7.7,0.158,11,reviewed,us,us
2020-10-11T04:30:20.408Z,33.6213,140.6947,62.89,4.4,mb,,151,0.912,1.22,us,us6000c8j7,2020-10-15T23:15:01.040Z,"169 km SSE of Tateyama, Japan",earthquake,6.7,9.2,0.179,10,reviewed,us,us
2020-10-11T04:01:57.530Z,45.2194,141.4454,299.11,4.1,mb,,87,1.371,0.83,us,us6000c7g1,2020-10-11T04:43:10.040Z,"20 km ENE of Rishiri Town, Japan",earthquake,9.4,6,0.065,64,reviewed,us,us
2020-10-11T03:37:08.710Z,-4.9022,152.0527,99.48,4.3,mb,,181,0.592,0.45,us,us6000c8if,2020-10-15T23:01:00.040Z,"66 km SSW of Kokopo, Papua New Guinea",earthquake,9,6.4,0.177,9,reviewed,us,us
2020-10-10T20:56:34.777Z,-4.442,138.5547,10,4.3,mb,,96,6.472,0.77,us,us6000c7e5,2020-10-10T22:50:21.040Z,"Papua, Indonesia",earthquake,8.7,1.9,0.113,22,reviewed,us,us
2020-10-10T20:22:28.898Z,4.7792,95.7159,96.5,4.5,mb,,128,1.305,0.82,us,us6000c7di,2020-10-10T22:36:07.040Z,"72 km SSW of Sigli, Indonesia",earthquake,7.4,4.1,0.069,61,reviewed,us,us
2020-10-10T17:38:00.874Z,24.6316,93.4817,54.6,5.4,mww,,22,0.846,0.59,us,us6000c7ce,2020-10-14T23:05:44.944Z,"33 km WNW of Moirāng, India",earthquake,6,5.2,0.069,20,reviewed,us,us
2020-10-10T16:38:55.993Z,4.9332,32.1276,10,3.9,mb_lg,,224,3.557,0.14,us,us6000c7g9,2020-10-13T21:07:26.040Z,"61 km E of Juba, South Sudan",earthquake,13,2,0.255,4,reviewed,us,us
2020-10-10T10:43:04.580Z,-4.6942,102.6566,53.79,4.8,mb,,89,0.445,1.01,us,us6000c7ak,2020-10-10T10:59:41.040Z,"98 km SW of Pagar Alam, Indonesia",earthquake,5.4,6,0.085,43,reviewed,us,us
2020-10-10T09:08:43.197Z,-5.9987,122.5764,10,4.6,mb,,95,2.641,0.76,us,us6000c7a8,2020-10-10T09:28:12.040Z,"118 km S of Katabu, Indonesia",earthquake,7.2,1.9,0.107,26,reviewed,us,us
2020-10-10T02:35:25.222Z,-6.0871,130.435,160.69,4.2,mb,,88,2.069,0.96,us,us6000c8g9,2020-10-15T22:25:03.040Z,"261 km W of Tual, Indonesia",earthquake,10.4,9,0.159,11,reviewed,us,us
2020-10-10T01:18:15.426Z,9.9682,126.0372,92.39,4.4,mb,,137,2.915,0.94,us,us6000c8g7,2020-10-15T21:58:18.040Z,"3 km ENE of San Benito, Philippines",earthquake,6.2,7.9,0.109,24,reviewed,us,us
2020-10-09T17:46:59.780Z,6.549,126.2107,147.96,4.3,mb,,95,0.813,0.79,us,us6000c74x,2020-10-09T18:32:35.040Z,"12 km NE of Nangan, Philippines",earthquake,9.5,6.9,0.106,28,reviewed,us,us
2020-10-09T15:26:28.647Z,27.8841,56.3344,43.65,4.4,mb,,134,2.929,0.86,us,us6000c74a,2020-10-09T16:51:20.040Z,"77 km N of Bandar Abbas, Iran",earthquake,13,11.1,0.143,14,reviewed,us,us
2020-10-09T13:10:00.364Z,51.037,156.2908,124.51,4.4,mb,,171,2.249,0.4,us,us6000c71c,2020-10-12T12:49:12.040Z,"41 km NNE of Severo-Kuril’sk, Russia",earthquake,12.2,9.3,0.08,45,reviewed,us,us
2020-10-09T05:57:41.428Z,2.1021,97.7007,60.1,4.5,mb,,91,0.802,0.99,us,us6000c6z4,2020-10-09T06:19:41.040Z,"22 km SSW of Singkil, Indonesia",earthquake,7,8.6,0.156,12,reviewed,us,us
2020-10-09T02:57:20.641Z,-6.0392,122.5974,11.25,5.2,mww,,44,2.604,0.82,us,us6000c6xe,2020-10-09T03:15:20.040Z,"122 km S of Katabu, Indonesia",earthquake,6.6,4.5,0.083,14,reviewed,us,us
2020-10-08T23:14:35.759Z,-6.2472,146.2885,105.33,5.1,mb,,57,3.253,0.93,us,us6000c6w6,2020-10-09T08:25:33.104Z,"47 km E of Kainantu, Papua New Guinea",earthquake,9,7.1,0.068,69,reviewed,us,us
2020-10-08T19:48:11.649Z,-11.0944,163.3437,10,4.6,mb,,55,3.725,1.16,us,us6000c81j,2020-10-14T16:45:29.040Z,"171 km ESE of Kirakira, Solomon Islands",earthquake,7.8,1.8,0.103,28,reviewed,us,us
2020-10-08T18:24:51.846Z,52.6971,152.6372,519.36,5,mb,,39,3.093,0.87,us,us6000c6um,2020-10-08T21:10:32.040Z,"296 km WNW of Ozernovskiy, Russia",earthquake,8.7,6.3,0.02,773,reviewed,us,us
2020-10-08T17:54:48.086Z,-6.6758,150.8423,10,4.1,mb,,150,2.631,1.02,us,us6000c81f,2020-10-14T16:19:41.040Z,"146 km SSE of Kimbe, Papua New Guinea",earthquake,7.6,1.9,0.173,9,reviewed,us,us
2020-10-08T16:27:45.179Z,-11.2206,163.2856,20.69,4.9,mb,,48,3.731,0.84,us,us6000c6tx,2020-10-08T16:55:19.040Z,"171 km ESE of Kirakira, Solomon Islands",earthquake,7.2,5.5,0.06,98,reviewed,us,us
2020-10-08T15:58:49.998Z,-5.9004,150.8349,30,5.8,mww,,28,2.152,0.8,us,us6000c6si,2020-10-09T16:45:33.332Z,"86 km ESE of Kimbe, Papua New Guinea",earthquake,5.1,1.8,0.054,33,reviewed,us,us
2020-10-08T15:25:09.159Z,-11.2041,163.256,40.64,5,mb,,44,3.698,1.02,us,us6000c6sb,2020-10-08T15:43:51.040Z,"167 km ESE of Kirakira, Solomon Islands",earthquake,8.5,6.9,0.044,176,reviewed,us,us
2020-10-08T10:31:57.007Z,-5.4926,151.9703,58.18,4.9,mb,,126,1.307,0.96,us,us6000c6nz,2020-10-08T11:06:22.040Z,"131 km SSW of Kokopo, Papua New Guinea",earthquake,8.7,6.2,0.055,106,reviewed,us,us
2020-10-08T10:09:21.054Z,26.5662,141.3873,90.45,4.5,mb,,59,0.886,1.09,us,us6000c817,2020-10-15T09:26:13.040Z,"Bonin Islands, Japan region",earthquake,7.7,6.2,0.128,18,reviewed,us,us
2020-10-08T09:50:44.143Z,43.6384,145.5659,113.23,4.1,mb,,134,2.202,0.76,us,us6000c816,2020-10-15T08:58:10.040Z,"34 km N of Nemuro, Japan",earthquake,9.2,4.2,0.185,8,reviewed,us,us
2020-10-08T07:35:32.224Z,-6.114,146.1686,103.49,6.3,mww,,15,3.413,0.89,us,us6000c6mu,2020-10-10T08:04:39.636Z,"38 km ENE of Kainantu, Papua New Guinea",earthquake,7,5.6,0.073,18,reviewed,us,us
2020-10-08T03:34:31.069Z,29.7593,129.7184,35,4.8,mb,,126,1.855,0.59,us,us6000c6m6,2020-10-12T03:43:36.040Z,"88 km SW of Kurio, Japan",earthquake,3.3,1.9,0.062,80,reviewed,us,us
2020-10-07T23:50:46.427Z,-6.4422,130.1224,105.98,4.8,mb,,70,1.924,0.81,us,us6000c6kw,2020-10-08T00:07:48.040Z,"Banda Sea",earthquake,6.2,7.2,0.087,41,reviewed,us,us
2020-10-07T21:13:17.519Z,32.366,48.5756,10,4.3,mb,,84,3.631,0.84,us,us6000c7ta,2020-10-18T05:02:29.040Z,"9 km E of Shahrak-e Kūlūrī, Iran",earthquake,8.2,1.7,0.168,10,reviewed,us,us
2020-10-07T19:56:13.236Z,26.5303,126.4818,116.47,4.4,mb,,71,1.63,0.65,us,us6000c7t5,2020-10-14T14:51:51.040Z,"124 km WNW of Naha, Japan",earthquake,9.1,7.5,0.091,35,reviewed,us,us
2020-10-07T18:27:28.027Z,0.3473,125.7977,40.18,4.9,mb,,55,1.624,0.91,us,us6000c6ib,2020-10-13T18:48:06.040Z,"144 km SE of Tondano, Indonesia",earthquake,4.2,6.5,0.083,45,reviewed,us,us
2020-10-07T18:04:18.158Z,23.4204,142.9726,33.3,4.9,mb,,62,13.086,0.93,us,us6000c6ik,2020-10-13T18:52:46.040Z,"Volcano Islands, Japan region",earthquake,6,4.5,0.049,130,reviewed,us,us
2020-10-07T16:18:08.290Z,32.3518,80.5666,10,4.4,mb,,145,6.266,0.84,us,us6000c6hc,2020-10-14T22:48:55.040Z,"220 km NNE of Joshīmath, India",earthquake,9.5,1.9,0.115,22,reviewed,us,us
2020-10-07T15:22:15.683Z,8.6939,125.9612,10,4.3,mb,,139,1.657,1.2,us,us6000c7t1,2020-10-14T22:33:03.040Z,"7 km NNW of Los Arcos, Philippines",earthquake,14.5,1.3,0.161,11,reviewed,us,us
2020-10-07T06:50:13.081Z,-10.4971,120.9259,51.6,4.9,mb,,75,2.257,1.2,us,us6000c6cn,2020-10-07T07:11:56.040Z,"117 km SE of Waingapu, Indonesia",earthquake,7,6.6,0.096,34,reviewed,us,us
2020-10-07T06:13:57.747Z,-5.9822,130.6131,128.45,4.5,mb,,74,2.1,0.97,us,us6000c6cd,2020-10-07T06:35:37.040Z,"240 km W of Tual, Indonesia",earthquake,6.5,7.6,0.116,22,reviewed,us,us
2020-10-07T02:57:07.317Z,-2.328,84.8832,10,4.4,mb,,120,10.409,0.81,us,us6000c7sb,2020-10-18T04:53:33.040Z,"South Indian Ocean",earthquake,11.4,1.9,0.218,6,reviewed,us,us
2020-10-07T00:32:06.980Z,9.6359,126.1821,18.26,4.4,mb,,176,2.618,0.81,us,us6000c7s9,2020-10-14T22:21:04.040Z,"15 km SSE of Union, Philippines",earthquake,13.5,6.5,0.123,19,reviewed,us,us
2020-10-06T23:02:06.949Z,34.3036,137.9258,295.63,4.6,mb,,76,0.429,0.81,us,us6000c68f,2020-10-14T04:26:35.040Z,"42 km SW of Ōyama, Japan",earthquake,7.3,4.3,0.05,118,reviewed,us,us
2020-10-06T22:06:03.895Z,9.7346,126.3234,10,4.4,mb,,131,2.748,0.98,us,us6000c73u,2020-10-14T04:44:55.040Z,"23 km E of Union, Philippines",earthquake,6.2,1.9,0.148,13,reviewed,us,us
2020-10-06T22:02:54.378Z,25.643,94.7776,61.51,4.6,mb,,54,1.472,0.84,us,us6000c688,2020-10-14T04:49:12.993Z,"27 km E of Phek, India",earthquake,3.7,6.3,0.062,78,reviewed,us,us
2020-10-06T21:45:21.823Z,9.9221,126.4609,10,4.4,mb,,129,2.965,1.16,us,us6000c73p,2020-10-14T04:54:18.040Z,"40 km E of Pilar, Philippines",earthquake,11.1,1.9,0.13,17,reviewed,us,us
2020-10-06T21:29:06.790Z,9.7633,126.3368,10,4.6,mb,,126,2.779,1.15,us,us6000c73n,2020-10-14T05:02:41.040Z,"24 km E of Union, Philippines",earthquake,9.9,1.9,0.089,37,reviewed,us,us
2020-10-06T21:25:27.921Z,36.8522,71.6121,110.79,4.1,mb,,102,2.631,0.99,us,us6000c680,2020-10-14T05:04:59.198Z,"14 km N of Ishqoshim, Tajikistan",earthquake,9.7,9.6,0.123,18,reviewed,us,us
2020-10-06T21:18:04.990Z,9.7097,126.3434,10,4.5,mb,,127,2.729,0.93,us,us6000c73t,2020-10-14T04:22:35.040Z,"26 km ESE of Union, Philippines",earthquake,6.6,1.9,0.121,20,reviewed,us,us
2020-10-06T19:11:34.362Z,-7.2969,39.7801,10,4.6,mb,,67,5.201,0.41,us,us6000c679,2020-10-06T21:49:17.040Z,"62 km ESE of Vikindu, Tanzania",earthquake,10.5,1.9,0.089,38,reviewed,us,us
2020-10-06T15:33:59.408Z,18.7728,145.4228,60.13,4.3,mb,,122,3.529,0.52,us,us6000c73j,2020-10-14T16:33:18.040Z,"Pagan region, Northern Mariana Islands",earthquake,9.9,10.3,0.188,8,reviewed,us,us
2020-10-06T15:32:12.098Z,27.1658,140.1382,453.71,4.1,mb,,129,5.936,0.65,us,us6000c73e,2020-10-14T16:21:27.040Z,"Bonin Islands, Japan region",earthquake,6.2,8.3,0.074,50,reviewed,us,us
2020-10-06T15:21:11.860Z,3.1268,65.5237,10,4.6,mb,,87,7.912,0.61,us,us6000c73c,2020-10-14T15:33:23.040Z,"Carlsberg Ridge",earthquake,9.2,1.4,0.132,17,reviewed,us,us
2020-10-06T14:29:33.268Z,7.9697,124.4477,156.98,4.2,mb,,101,1.434,0.52,us,us6000c739,2020-10-14T14:58:53.040Z,"16 km NE of Tamparan, Philippines",earthquake,9,10.1,0.167,11,reviewed,us,us
2020-10-06T14:25:59.828Z,-9.537,112.877,35,4,mb,,121,1.646,0.73,us,us6000c737,2020-10-14T14:46:27.040Z,"147 km S of Dampit, Indonesia",earthquake,5.6,1.9,0.15,12,reviewed,us,us
2020-10-06T14:09:58.869Z,-9.5012,112.6795,35,4.2,mb,,128,1.779,0.76,us,us6000c735,2020-10-14T14:35:38.040Z,"142 km S of Dampit, Indonesia",earthquake,8.3,2,0.136,15,reviewed,us,us
2020-10-06T13:52:31.722Z,-9.5762,112.8615,35,4.8,mww,,111,1.683,1.51,us,us6000c63n,2020-10-14T13:45:22.040Z,"151 km S of Dampit, Indonesia",earthquake,7.4,1.9,0.083,14,reviewed,us,us
2020-10-06T13:22:06.448Z,9.5595,126.6684,40.28,4.8,mb,,115,2.698,0.33,us,us6000c63i,2020-10-14T13:40:59.040Z,"60 km ENE of Cortes, Philippines",earthquake,9.3,6.2,0.085,43,reviewed,us,us
2020-10-06T13:17:36.131Z,-0.9306,122.1768,44.23,4.8,mb,,47,0.604,0.66,us,us6000c63c,2020-10-14T13:37:17.040Z,"68 km W of Luwuk, Indonesia",earthquake,5.1,5.8,0.093,38,reviewed,us,us
2020-10-06T08:47:01.687Z,0.7895,127.2634,101.52,5,mb,,66,0.104,0.81,us,us6000c60p,2020-10-06T09:03:02.040Z,"13 km W of Ternate, Indonesia",earthquake,7.2,5.7,0.12,22,reviewed,us,us
2020-10-06T08:12:01.809Z,39.7429,73.8726,10,4.5,mb,,149,1.618,1.46,us,us6000c60i,2020-10-07T07:55:06.040Z,"121 km ESE of Nookat, Kyrgyzstan",earthquake,5.7,2,0.204,7,reviewed,us,us
2020-10-06T06:27:35.055Z,39.405,141.9818,92.77,4.6,mb,,99,1.551,0.54,us,us6000c5zw,2020-10-06T06:53:23.040Z,"7 km SSE of Yamada, Japan",earthquake,6.4,6.6,0.041,177,reviewed,us,us
2020-10-06T06:13:40.099Z,34.1533,79.0917,10,4.6,mb,,82,7.036,0.69,us,us6000c5zr,2020-10-06T07:30:59.040Z,"139 km E of Leh, India",earthquake,4.7,1.9,0.078,51,reviewed,us,us
2020-10-06T00:16:46.001Z,-3.0712,130.3657,10,4.7,mb,,36,1.886,0.88,us,us6000c5y6,2020-10-10T22:12:59.040Z,"163 km E of Amahai, Indonesia",earthquake,6.2,1.8,0.085,42,reviewed,us,us
2020-10-05T23:43:20.808Z,34.171,79.2064,10,5,mww,,21,7.017,0.62,us,us6000c5y3,2020-10-10T22:18:55.040Z,"149 km E of Leh, India",earthquake,6.9,1.7,0.086,13,reviewed,us,us
2020-10-05T19:04:00.506Z,19.8719,145.3366,131.04,5.3,mww,,51,4.625,0.86,us,us6000c5t3,2020-10-17T19:14:06.910Z,"Maug Islands region, Northern Mariana Islands",earthquake,8.9,4.3,0.061,26,reviewed,us,us
2020-10-05T18:59:13.720Z,14.7001,144.4662,10,4.3,mb,,85,1.171,0.88,us,us6000c72i,2020-10-12T17:44:31.040Z,"127 km WSW of San Jose Village, Northern Mariana Islands",earthquake,6.2,1.9,0.169,10,reviewed,us,us
2020-10-05T18:21:07.224Z,-4.329,100.9942,12.4,4.4,mb,,105,1.956,0.97,us,us6000c72h,2020-10-12T17:34:12.040Z,"152 km WSW of Bengkulu, Indonesia",earthquake,8.5,4.7,0.144,14,reviewed,us,us
2020-10-05T14:01:16.485Z,39.4952,141.9169,57.35,4.7,mb,,97,1.448,0.52,us,us6000c5pr,2020-10-13T19:42:15.040Z,"4 km NW of Yamada, Japan",earthquake,8.2,6.5,0.112,24,reviewed,us,us
2020-10-05T13:29:05.669Z,6.7188,127.705,10,4.4,mb,,126,8.333,0.36,us,us6000c729,2020-10-13T19:34:27.040Z,"139 km ESE of Manay, Philippines",earthquake,10.7,1.9,0.134,17,reviewed,us,us
2020-10-05T09:04:31.235Z,52.2107,158.8914,99.97,4.5,mb,,150,0.827,1.08,us,us6000c5mu,2020-10-05T10:07:47.040Z,"86 km SSE of Vilyuchinsk, Russia",earthquake,9.6,6.6,0.087,39,reviewed,us,us
2020-10-05T07:30:50.634Z,2.3354,124.7296,213.42,4.8,mb,,55,3.059,0.84,us,us6000c5m9,2020-10-05T07:53:36.040Z,"95 km N of Manado, Indonesia",earthquake,7.7,7.1,0.066,71,reviewed,us,us
2020-10-05T03:07:47.054Z,-9.6053,119.3752,53.78,5,mww,,79,2.986,1.01,us,us6000c5l3,2020-10-14T04:02:14.040Z,"97 km W of Waingapu, Indonesia",earthquake,6.3,5.1,0.08,15,reviewed,us,us
2020-10-05T02:32:24.532Z,36.3103,140.8244,83.69,4.9,mb,,112,2.122,0.76,us,us6000c5l1,2020-10-14T03:56:09.315Z,"21 km E of Ōarai, Japan",earthquake,7.5,6.6,0.076,54,reviewed,us,us
2020-10-04T22:33:24.843Z,46.2313,53.3396,10,4,mb,,127,5.383,0.68,us,us6000c5k0,2020-10-05T23:27:17.040Z,"25 km SSW of Karaton, Kazakhstan",earthquake,6.1,2,0.106,24,reviewed,us,us
2020-10-04T18:27:56.841Z,-5.327,153.5142,70.1,4.4,mb,,147,1.756,0.88,us,us6000c6td,2020-10-17T19:57:24.040Z,"175 km SE of Kokopo, Papua New Guinea",earthquake,7.3,9.4,0.127,18,reviewed,us,us
2020-10-04T18:16:53.854Z,13.6078,120.7662,121.85,5.6,mww,,27,3.933,0.82,us,us6000c5i4,2020-10-17T16:36:18.678Z,"12 km WSW of Tingloy, Philippines",earthquake,7.7,3.9,0.038,67,reviewed,us,us
2020-10-04T17:16:33.440Z,-6.3968,102.4298,34.08,4.5,mb,,151,5.289,0.95,us,us6000c6tc,2020-10-17T19:49:36.040Z,"277 km SSW of Pagar Alam, Indonesia",earthquake,6.3,5.3,0.131,17,reviewed,us,us
2020-10-04T16:00:02.846Z,20.6448,94.4032,78.19,4.3,mb,,166,2.123,1.05,us,us6000c5hh,2020-10-13T18:46:39.040Z,"51 km WSW of Chauk, Myanmar",earthquake,7.7,8.2,0.142,14,reviewed,us,us
2020-10-04T15:52:24.052Z,-1.881,139.1559,23.01,4.2,mb,,67,6.977,0.43,us,us6000c6tb,2020-10-13T18:44:09.040Z,"182 km WNW of Abepura, Indonesia",earthquake,7.4,6.5,0.11,23,reviewed,us,us
2020-10-04T14:28:55.131Z,-5.5408,152.0083,51.78,4.4,mb,,58,1.226,0.77,us,us6000c6tf,2020-10-13T17:05:40.040Z,"135 km SSW of Kokopo, Papua New Guinea",earthquake,4.3,6.7,0.092,34,reviewed,us,us
2020-10-04T13:50:53.387Z,2.4958,95.7084,10,4.4,mb,,179,2.209,0.43,us,us6000c6t9,2020-10-13T16:12:12.040Z,"74 km W of Sinabang, Indonesia",earthquake,8.6,1.9,0.144,14,reviewed,us,us
2020-10-04T13:24:31.207Z,-7.8051,128.6593,73.43,4.5,mb,,64,2.62,0.95,us,us6000c6t8,2020-10-13T16:00:45.040Z,"199 km ENE of Lospalos, Timor Leste",earthquake,7.2,7.4,0.205,7,reviewed,us,us
2020-10-04T11:22:26.138Z,45.5752,142.0683,306.5,4,mb,,110,1.464,0.73,us,us6000c6t5,2020-10-14T12:12:18.040Z,"29 km NE of Makubetsu, Japan",earthquake,10.3,4.3,0.116,20,reviewed,us,us
2020-10-04T09:17:28.665Z,49.0695,155.2244,53.22,5.1,mww,,128,4.334,0.79,us,us6000c5ef,2020-10-14T07:18:07.040Z,"190 km SSW of Severo-Kuril’sk, Russia",earthquake,8.9,6.3,0.086,13,reviewed,us,us
2020-10-04T03:31:13.368Z,14.4491,145.6282,113.36,4.4,mb,,165,0.802,0.58,us,us6000c6tt,2020-10-08T21:17:59.040Z,"57 km S of San Jose Village, Northern Mariana Islands",earthquake,10.5,7.1,0.19,8,reviewed,us,us
2020-10-04T02:51:33.795Z,29.865,130.6298,33.65,4.8,mb,,126,1.646,0.77,us,us6000c5c4,2020-10-04T03:09:15.040Z,"41 km SSE of Koshima, Japan",earthquake,7.7,6.2,0.075,55,reviewed,us,us
2020-10-03T23:24:50.532Z,-4.1358,70.2694,10,4.4,mb,,88,3.912,0.84,us,us6000c6rb,2020-10-17T05:13:15.040Z,"Chagos Archipelago region",earthquake,9.1,1.9,0.143,14,reviewed,us,us
2020-10-03T23:03:23.638Z,-6.0151,112.8793,611.76,4.2,mb,,77,2.631,0.8,us,us6000c6ra,2020-10-17T04:59:28.040Z,"110 km NNE of Paciran, Indonesia",earthquake,11,7.5,0.132,16,reviewed,us,us
2020-10-03T22:53:09.386Z,-4.3661,154.0482,382.46,4.5,mb,,39,1.887,0.82,us,us6000c5b3,2020-10-17T04:49:19.040Z,"197 km E of Kokopo, Papua New Guinea",earthquake,10.3,5.5,0.075,53,reviewed,us,us
2020-10-03T22:19:30.510Z,9.2428,126.3653,49.02,4.6,mb,,110,2.295,0.58,us,us6000c5b0,2020-10-17T04:30:26.040Z,"19 km ESE of Cortes, Philippines",earthquake,8.8,6.5,0.062,78,reviewed,us,us
2020-10-03T22:07:57.240Z,-5.9433,130.7967,81.65,4,mb,,140,2.086,0.68,us,us6000c6r9,2020-10-17T03:43:57.040Z,"219 km W of Tual, Indonesia",earthquake,9.9,11.5,0.231,5,reviewed,us,us
2020-10-03T16:30:06.352Z,-7.1605,150.0707,14.93,5.4,mww,,21,3.61,0.59,us,us6000c588,2020-10-06T19:39:56.040Z,"120 km SSE of Kandrian, Papua New Guinea",earthquake,6.1,3.9,0.066,22,reviewed,us,us
2020-10-03T15:36:17.754Z,26.2024,91.3108,44.3,4.2,mb,,120,0.801,0.4,us,us6000c584,2020-10-04T04:43:30.050Z,"21 km WSW of Hājo, India",earthquake,5.7,5.3,0.098,32,reviewed,us,us
2020-10-03T14:15:56.423Z,15.6226,120.3028,38.03,4.7,mb,,93,1.924,1,us,us6000c57g,2020-10-04T18:41:17.330Z,"4 km W of Bacsay, Philippines",earthquake,7.4,6.8,0.063,88,reviewed,us,us
2020-10-03T13:20:25.030Z,-5.4058,153.0608,47.44,4.3,mb,,123,1.501,1.26,us,us6000c6qq,2020-10-17T19:31:46.040Z,"146 km SE of Kokopo, Papua New Guinea",earthquake,5,11.2,0.133,16,reviewed,us,us
2020-10-03T13:01:42.813Z,13.78,145.0602,127.05,4.3,mb,,116,0.265,0.88,us,us6000c6r1,2020-10-17T19:23:48.040Z,"32 km NE of Yigo Village, Guam",earthquake,11.8,6.1,0.147,13,reviewed,us,us
2020-10-03T12:26:27.750Z,29.8894,130.7074,34.27,5.1,mww,,94,1.629,0.91,us,us6000c56c,2020-10-03T21:29:18.040Z,"41 km SSE of Koshima, Japan",earthquake,7.5,4.8,0.069,20,reviewed,us,us
2020-10-03T09:31:35.227Z,33.5204,140.8977,59.21,5.5,mww,,30,0.993,1.03,us,us6000c54x,2020-10-04T09:37:29.350Z,"188 km SSE of Tateyama, Japan",earthquake,6.8,5.4,0.093,11,reviewed,us,us
2020-10-03T07:32:33.330Z,2.5181,96.8489,51.5,4,mb,,183,1.407,0.63,us,us6000c6ql,2020-10-14T07:09:45.040Z,"Simeulue, Indonesia",earthquake,8.9,9.9,0.144,13,reviewed,us,us
2020-10-03T05:03:47.399Z,13.5738,120.9304,177.14,4.7,mb,,128,3.981,0.53,us,us6000c547,2020-10-14T06:54:13.040Z,"7 km N of Balatero, Philippines",earthquake,11.2,7.6,0.071,61,reviewed,us,us
2020-10-03T03:25:12.901Z,6.1509,126.1339,128.48,4.9,mb,,82,1.066,1.1,us,us6000c53b,2020-10-03T06:29:42.135Z,"23 km SSW of Pondaguitan, Philippines",earthquake,8.4,6.3,0.064,77,reviewed,us,us
2020-10-03T01:57:01.544Z,-4.1959,152.9486,46.64,4.4,mb,,154,0.782,0.95,us,us6000c6qh,2020-10-08T22:47:28.040Z,"77 km ENE of Kokopo, Papua New Guinea",earthquake,8,7.8,0.155,15,reviewed,us,us
2020-10-02T23:48:53.240Z,39.4875,54.8654,10,4.2,mb,,81,7.796,0.7,us,us6000c528,2020-10-10T22:04:57.040Z,"39 km NE of Gumdag, Turkmenistan",earthquake,8.5,2,0.109,23,reviewed,us,us
2020-10-02T23:37:51.845Z,43.9028,145.5761,10.51,4.6,mb,,114,2.163,0.41,us,us6000c6py,2020-10-10T04:52:53.040Z,"26 km WSW of Yuzhno-Kurilsk, Russia",earthquake,9,5.7,0.114,23,reviewed,us,us
2020-10-02T23:31:13.069Z,18.8312,145.9612,78.07,5.2,mww,,13,3.574,0.67,us,us6000c521,2020-10-16T23:41:31.003Z,"Pagan region, Northern Mariana Islands",earthquake,8.4,4.6,0.08,15,reviewed,us,us
2020-10-02T21:15:20.673Z,36.4391,71.4174,105.28,4.2,mb,,77,2.709,1,us,us6000c50q,2020-10-10T22:47:31.595Z,"29 km SSW of Ashkāsham, Afghanistan",earthquake,5.7,11,0.159,11,reviewed,us,us
2020-10-02T17:52:58.634Z,36.2927,70.5342,150.71,4,mb,,117,2.13,0.77,us,us6000c4y4,2020-10-03T03:03:36.755Z,"68 km ESE of Farkhār, Afghanistan",earthquake,8.2,20.9,0.26,4,reviewed,us,us
2020-10-02T15:15:55.242Z,-5.0109,153.6845,74.04,4.6,mb,,70,1.72,0.67,us,us6000c4um,2020-10-02T18:57:58.040Z,"173 km ESE of Kokopo, Papua New Guinea",earthquake,7.7,6.6,0.103,28,reviewed,us,us
2020-10-02T10:44:30.121Z,-5.4189,152.4458,32.89,4.9,mb,,106,1.251,0.58,us,us6000c4ph,2020-10-02T11:19:41.040Z,"120 km S of Kokopo, Papua New Guinea",earthquake,10.6,6.5,0.074,58,reviewed,us,us
2020-10-02T08:57:00.038Z,0.7173,121.3812,75.64,4.2,mb,,120,0.715,0.73,us,us6000c6pg,2020-10-14T06:48:57.040Z,"188 km W of Gorontalo, Indonesia",earthquake,9,6.9,0.136,15,reviewed,us,us
2020-10-02T07:16:32.198Z,36.5567,70.87,185.38,4.3,mb,,72,2.502,1.01,us,us6000c4m6,2020-10-14T06:16:38.368Z,"34 km S of Jurm, Afghanistan",earthquake,6.2,8.4,0.122,19,reviewed,us,us
2020-10-02T06:56:54.555Z,15.7829,119.9326,40.86,4.7,mb,,118,1.829,0.63,us,us6000c4m1,2020-10-14T06:15:17.374Z,"3 km NE of Santa Cruz, Philippines",earthquake,8.1,7.8,0.083,44,reviewed,us,us
2020-10-02T01:48:36.405Z,-11.8285,116.9674,10,4.8,mb,,101,4.337,1.23,us,us6000c4iw,2020-10-02T02:05:47.040Z,"South of Lombok, Indonesia",earthquake,8.8,1.9,0.127,21,reviewed,us,us
2020-10-02T01:40:11.458Z,10.762,126.2531,35,4.5,mb,,133,3.728,0.72,us,us6000c6p6,2020-10-08T23:41:44.040Z,"50 km ESE of Sulangan, Philippines",earthquake,15.2,2,0.163,11,reviewed,us,us
2020-10-01T22:04:04.939Z,-2.9415,145.4498,10,4.8,mb,,43,2.112,0.92,us,us6000c4cl,2020-10-10T21:56:12.040Z,"197 km NE of Angoram, Papua New Guinea",earthquake,7.7,1.9,0.076,54,reviewed,us,us
2020-10-01T21:07:29.620Z,-4.1999,70.0393,10,4.7,mb,,55,3.993,0.58,us,us6000c4av,2020-10-10T21:45:24.040Z,"Chagos Archipelago region",earthquake,9,1.9,0.07,61,reviewed,us,us
2020-10-01T19:06:50.248Z,-7.9609,123.032,209.35,4.5,mb,,82,1.033,0.61,us,us6000c45d,2020-10-06T17:24:09.040Z,"116 km NE of Maumere, Indonesia",earthquake,6.8,9,0.115,22,reviewed,us,us
2020-10-01T18:28:39.408Z,-2.4629,68.0854,10,4.6,mb,,50,5.719,1.19,us,us6000c44a,2020-10-07T15:38:20.040Z,"Carlsberg Ridge",earthquake,3.6,1.9,0.087,39,reviewed,us,us
2020-10-01T18:15:36.269Z,-6.3647,130.7412,104.47,5,mb,,104,1.699,0.96,us,us6000c43n,2020-10-02T21:07:29.040Z,"237 km WSW of Tual, Indonesia",earthquake,7.4,7,0.075,61,reviewed,us,us
2020-10-01T14:57:32.858Z,55.0008,164.5571,10,4.5,mb,,127,4.008,0.8,us,us6000c3xp,2020-10-02T14:20:12.040Z,"189 km SE of Ust’-Kamchatsk Staryy, Russia",earthquake,8.9,1.9,0.068,64,reviewed,us,us
2020-10-01T10:49:08.970Z,-2.4959,102.1105,148.65,4.4,mb,,130,2.035,0.85,us,us6000c6gp,2020-10-08T09:53:42.040Z,"93 km ESE of Sungai Penuh, Indonesia",earthquake,10.7,7.7,0.155,12,reviewed,us,us
2020-10-01T10:34:48.481Z,-6.0867,148.6576,109.22,6,mww,,19,3.615,0.95,us,us6000c3td,2020-10-05T16:55:45.040Z,"99 km W of Kandrian, Papua New Guinea",earthquake,6.7,6.5,0.055,32,reviewed,us,us
2020-09-30T22:16:59.500Z,9.1325,126.6122,10,4.4,mb,,135,2.29,0.61,us,us6000c65b,2020-10-09T22:58:07.040Z,"41 km ENE of La Paz, Philippines",earthquake,13.7,1.9,0.138,15,reviewed,us,us
2020-09-30T22:10:47.182Z,9.2272,126.704,10,5.1,mww,,47,2.415,0.71,us,us6000c3ec,2020-10-09T22:47:43.040Z,"55 km ENE of La Paz, Philippines",earthquake,7.7,1.8,0.071,19,reviewed,us,us
2020-09-30T21:13:10.357Z,9.2094,126.7568,10,4.6,mb,,116,2.424,0.55,us,us6000c3dm,2020-10-09T03:04:01.040Z,"59 km ENE of La Paz, Philippines",earthquake,9,1.9,0.071,60,reviewed,us,us
2020-09-30T21:08:08.342Z,9.1581,126.6167,10,4.6,mb,,126,2.315,0.65,us,us6000c3e1,2020-10-09T02:47:23.040Z,"43 km ENE of La Paz, Philippines",earthquake,8.1,1.5,0.077,50,reviewed,us,us
2020-09-30T20:48:01.256Z,7.8599,127.0387,44.34,4,mb,,164,1.646,0.68,us,us6000c654,2020-10-06T16:14:31.040Z,"57 km ENE of Kinablangan, Philippines",earthquake,10,8.7,0.182,8,reviewed,us,us
2020-09-30T20:39:18.719Z,-0.7524,128.0552,25.24,4.4,mb,,72,1.663,0.81,us,us6000c3ct,2020-10-06T15:29:32.040Z,"173 km SSE of Sofifi, Indonesia",earthquake,5.3,5.5,0.117,21,reviewed,us,us
2020-09-30T18:44:29.418Z,3.6527,97.0129,59.76,4.4,mb,,165,1.567,0.72,us,us6000c3ay,2020-09-30T19:25:59.040Z,"112 km ESE of Meulaboh, Indonesia",earthquake,5,10.6,0.123,19,reviewed,us,us
2020-09-30T13:58:44.790Z,38.7836,142.1435,42.07,4.8,mb,,117,2.169,0.6,us,us6000c356,2020-10-05T14:27:57.040Z,"48 km SE of Ōfunato, Japan",earthquake,4.3,6.7,0.06,87,reviewed,us,us
2020-09-30T10:44:45.705Z,55.9581,161.5086,65.42,4.1,mb,,72,3.38,0.62,us,us6000c64s,2020-10-07T06:26:34.040Z,"57 km SE of Klyuchi, Russia",earthquake,5.9,7.8,0.124,18,reviewed,us,us
2020-09-30T09:00:50.974Z,1.6807,126.8252,34.54,4.2,mb,,133,1.052,0.81,us,us6000c64q,2020-10-07T07:31:04.040Z,"116 km NNW of Ternate, Indonesia",earthquake,10.3,7,0.167,10,reviewed,us,us
2020-09-30T05:23:12.810Z,-7.164,125.1462,484.63,4.6,mb,,113,2.717,0.71,us,us6000c30k,2020-09-30T05:40:47.040Z,"158 km N of Likisá, Timor Leste",earthquake,12.9,10.2,0.132,17,reviewed,us,us
2020-09-30T04:37:20.695Z,24.8653,122.0775,103.89,5,mww,,34,0.537,1.14,us,us6000c30f,2020-10-01T02:39:39.684Z,"34 km ENE of Yilan, Taiwan",earthquake,4.8,3.8,0.059,28,reviewed,us,us
2020-09-30T01:16:04.622Z,-9.4559,119.3575,10,4.5,mb,,79,2.959,0.74,us,us6000c2zc,2020-10-09T01:40:09.040Z,"96 km S of Komodo, Indonesia",earthquake,5.4,1.8,0.124,19,reviewed,us,us
2020-09-30T00:49:39.522Z,19.8926,122.6193,10,4.7,mb,,105,3.102,1.14,us,us6000c2z2,2020-10-06T22:03:40.040Z,"91 km SE of Basco, Philippines",earthquake,7.5,1.9,0.069,64,reviewed,us,us
2020-09-29T17:55:43.398Z,-9.6271,119.0339,10,4.9,mb,,57,3.313,0.98,us,us6000c2rr,2020-09-29T18:23:08.040Z,"125 km SSW of Komodo, Indonesia",earthquake,2.4,1.8,0.078,56,reviewed,us,us
2020-09-29T15:21:55.319Z,1.1077,126.3433,46.21,4.1,mb,,81,1.076,0.46,us,us6000c4u7,2020-10-05T14:08:53.040Z,"121 km WNW of Ternate, Indonesia",earthquake,8.8,8.6,0.158,11,reviewed,us,us
2020-09-29T14:32:31.966Z,-6.7017,129.9208,117.31,4.1,mb,,118,1.867,0.58,us,us6000c4u6,2020-10-05T13:17:42.040Z,"Banda Sea",earthquake,4.1,8.6,0.198,8,reviewed,us,us
2020-09-29T13:31:41.520Z,-4.5954,153.5999,95.17,4.3,mb,,104,1.487,0.51,us,us6000c4u3,2020-10-04T17:01:27.040Z,"150 km E of Kokopo, Papua New Guinea",earthquake,7.5,7.4,0.108,24,reviewed,us,us
2020-09-29T13:26:19.371Z,4.0509,125.9181,110.74,4.3,mb,,73,3.017,0.62,us,us6000c4u2,2020-10-04T16:23:00.040Z,"Pulau-Pulau Sangihe, Indonesia",earthquake,7.9,5.1,0.129,19,reviewed,us,us
2020-09-29T13:07:16.132Z,46.0017,143.2829,333.51,4,mb,,124,1.023,0.46,us,us6000c4u9,2020-10-04T16:06:32.040Z,"80 km SSE of Korsakov, Russia",earthquake,9.6,6.1,0.093,31,reviewed,us,us
2020-09-29T12:48:38.985Z,48.1604,154.471,10,4.2,mb,,138,5.547,1.04,us,us6000c4u0,2020-10-18T10:33:04.040Z,"Kuril Islands",earthquake,9.5,1.9,0.141,14,reviewed,us,us
2020-09-29T11:48:13.249Z,-9.7638,119.0617,10,4.2,mb,,104,3.329,0.7,us,us6000c4tw,2020-10-18T10:03:00.040Z,"132 km W of Waingapu, Indonesia",earthquake,8.7,1.9,0.152,12,reviewed,us,us
2020-09-29T11:17:28.120Z,35.0394,69.1466,35,4.2,mb,,97,0.504,0.58,us,us6000c2hl,2020-10-03T07:05:29.040Z,"3 km NW of Charikar, Afghanistan",earthquake,6.6,2,0.177,9,reviewed,us,us
2020-09-29T10:48:50.760Z,3.8714,97.6509,10,4.4,mb,,115,1.52,1.01,us,us6000c2hf,2020-09-29T11:14:16.040Z,"71 km WSW of Pangkalan Brandan, Indonesia",earthquake,4.5,1.5,0.108,25,reviewed,us,us
2020-09-29T04:38:46.627Z,22.1344,144.3523,82.36,4.9,mb,,114,6.99,0.66,us,us6000c2ew,2020-09-30T04:48:59.288Z,"Volcano Islands, Japan region",earthquake,8.9,5.1,0.041,185,reviewed,us,us
2020-09-29T04:08:02.904Z,31.3924,51.0596,10,4.9,mb,,59,3.351,0.73,us,us6000c2ea,2020-09-29T23:43:45.040Z,"48 km W of Semīrom, Iran",earthquake,6.6,1.9,0.059,89,reviewed,us,us
2020-09-29T03:14:33.384Z,21.7967,143.1671,224.84,4,mb,,91,38.936,0.43,us,us6000c4tk,2020-10-16T04:06:04.040Z,"Mariana Islands region",earthquake,14.7,7.3,0.156,11,reviewed,us,us
2020-09-29T03:00:39.159Z,3.078,96.7648,35,4.2,mb,,142,1.939,0.79,us,us6000c4td,2020-10-16T02:06:47.040Z,"78 km NNE of Sinabang, Indonesia",earthquake,6.8,2,0.176,9,reviewed,us,us
2020-09-29T02:45:29.370Z,-6.8518,125.1963,540.85,4.1,mb,,88,3.027,0.45,us,us6000c4tm,2020-10-16T00:33:22.040Z,"192 km N of Likisá, Timor Leste",earthquake,14.5,4.5,0.157,11,reviewed,us,us
2020-09-29T02:03:53.969Z,30.5305,50.6559,10,4.3,mb,,77,6.177,0.42,us,us6000c2dg,2020-09-29T23:17:56.689Z,"23 km NW of Dogonbadan, Iran",earthquake,9.9,2,0.122,19,reviewed,us,us
2020-09-29T01:14:17.872Z,22.4236,121.1368,14.59,4.9,mwr,,117,0.395,0.58,us,us6000c2d2,2020-09-29T21:35:21.977Z,"61 km NE of Hengchun, Taiwan",earthquake,5.3,3.8,0.062,25,reviewed,us,us
2020-09-29T01:03:53.809Z,13.4008,145.873,10,5.1,mb,,81,0.995,0.74,us,us6000c2cv,2020-10-18T01:14:04.304Z,"107 km E of Yigo Village, Guam",earthquake,3.1,1.9,0.052,118,reviewed,us,us
2020-09-28T20:50:56.792Z,22.4308,121.1154,25.34,5.1,mww,,104,0.386,0.69,us,us6000c2ae,2020-09-29T20:00:56.432Z,"60 km NE of Hengchun, Taiwan",earthquake,6.2,5.1,0.089,12,reviewed,us,us
2020-09-28T20:13:15.500Z,-5.483,154.3105,128.8,4.3,mb,,77,2.494,0.33,us,us6000c2bg,2020-09-29T20:58:25.040Z,"159 km NW of Panguna, Papua New Guinea",earthquake,9.8,7.5,0.084,40,reviewed,us,us
2020-09-28T19:07:21.540Z,-6.9462,129.3791,190.74,4.4,mb,,83,2.164,0.79,us,us6000c27v,2020-09-30T13:40:45.040Z,"Banda Sea",earthquake,9,8.2,0.097,31,reviewed,us,us
2020-09-28T19:05:08.936Z,22.4542,121.2435,19.08,4,mb,,209,0.392,1.07,us,us6000c4qx,2020-10-02T16:52:45.040Z,"71 km NE of Hengchun, Taiwan",earthquake,4.2,5,0.183,8,reviewed,us,us
2020-09-28T18:16:13.909Z,3.9588,97.7244,56.05,4.3,mb,,79,1.48,0.89,us,us6000c275,2020-09-30T16:18:44.040Z,"61 km W of Pangkalan Brandan, Indonesia",earthquake,5.5,8.6,0.125,18,reviewed,us,us
2020-09-28T16:26:55.183Z,0.0677,99.5396,96.01,4.7,mb,,169,1.521,0.64,us,us6000c266,2020-10-04T15:36:47.040Z,"99 km NW of Pariaman, Indonesia",earthquake,8.4,7,0.093,35,reviewed,us,us
2020-09-28T06:02:43.643Z,12.3352,125.7916,10,4.4,mb,,142,10.123,0.55,us,us6000c4qq,2020-10-18T09:16:04.040Z,"35 km ENE of San Policarpo, Philippines",earthquake,14.6,2,0.161,11,reviewed,us,us
2020-09-28T05:12:39.401Z,33.2327,75.8286,41.97,4.6,mb,,80,2.18,0.63,us,us6000c222,2020-09-29T02:56:46.930Z,"10 km SSE of Kishtwār, India",earthquake,8.4,7.1,0.092,35,reviewed,us,us
2020-09-28T04:02:56.959Z,33.2434,137.2328,374.13,4.1,mb,,91,2.108,0.76,us,us6000c4qm,2020-10-04T22:32:48.040Z,"128 km ESE of Shingū, Japan",earthquake,9.8,7.5,0.079,44,reviewed,us,us
2020-09-28T03:44:54.775Z,-11.429,118.0339,10,4.8,mb,,44,4.823,0.85,us,us6000c216,2020-10-04T22:24:47.040Z,"south of Sumbawa, Indonesia",earthquake,7.4,1.9,0.1,31,reviewed,us,us
2020-09-28T03:08:49.880Z,9.5114,126.7156,10,4.4,mb,,131,2.674,0.89,us,us6000c4qc,2020-10-04T22:18:11.040Z,"63 km ENE of Cortes, Philippines",earthquake,13.5,1.9,0.12,20,reviewed,us,us
2020-09-28T01:17:34.701Z,-3.2804,101.555,55.73,4.1,mb,,127,1.762,0.84,us,us6000c4q9,2020-10-04T21:57:04.040Z,"97 km NW of Bengkulu, Indonesia",earthquake,12.2,5.5,0.185,8,reviewed,us,us
2020-09-27T23:23:36.920Z,28.8222,51.3202,10,4.3,mb,,50,4.763,1.19,us,us6000c209,2020-10-02T04:12:02.610Z,"49 km ESE of Bushehr, Iran",earthquake,7,1.5,0.077,48,reviewed,us,us
2020-09-27T21:30:42.515Z,9.7273,127.314,10,4.3,mb,,103,3.149,0.73,us,us6000c40z,2020-10-16T00:02:42.040Z,"132 km E of Union, Philippines",earthquake,11.9,1.9,0.154,12,reviewed,us,us
2020-09-27T19:54:51.035Z,36.3013,71.0519,105.55,4.9,mb,,79,2.403,1.01,us,us6000c1zd,2020-09-28T02:54:47.957Z,"60 km SW of Ashkāsham, Afghanistan",earthquake,7.2,9.6,0.114,24,reviewed,us,us
2020-09-27T18:17:55.367Z,26.1929,66.2095,10,4.6,mb,,167,8.672,0.92,us,us6000c1ys,2020-09-27T18:41:52.040Z,"10 km WSW of Bela, Pakistan",earthquake,10.3,2,0.102,29,reviewed,us,us
2020-09-27T17:27:42.595Z,34.1494,78.1539,10,4.9,mww,,106,4.093,1.31,us,us6000c1yn,2020-09-28T02:22:42.477Z,"52 km E of Leh, India",earthquake,6.1,1.8,0.093,11,reviewed,us,us
2020-09-27T16:10:48.719Z,-5.6577,129.8875,205.13,4.2,mb,,108,2.701,0.66,us,us6000c1ye,2020-10-01T18:57:17.040Z,"277 km SSE of Amahai, Indonesia",earthquake,8,12.8,0.265,4,reviewed,us,us
2020-09-27T14:55:53.437Z,49.4151,156.0806,53.59,4.5,mb,,138,3.835,0.73,us,us6000c40s,2020-10-01T18:49:05.040Z,"140 km S of Severo-Kuril’sk, Russia",earthquake,12.2,8.2,0.204,7,reviewed,us,us
2020-09-27T14:51:11.212Z,6.2877,127.1347,18.85,4.4,mb,,123,1.729,1.33,us,us6000c40r,2020-10-01T18:33:43.040Z,"106 km E of Pondaguitan, Philippines",earthquake,8.3,5.1,0.143,14,reviewed,us,us
2020-09-27T13:58:23.214Z,17.6703,145.3066,147.24,4.4,mb,,79,2.459,0.48,us,us6000c40p,2020-10-01T17:10:40.040Z,"276 km N of Saipan, Northern Mariana Islands",earthquake,12.1,7.7,0.112,23,reviewed,us,us
2020-09-27T06:38:22.135Z,24.647,125.1763,30.44,4.7,mb,,91,1.979,0.61,us,us6000c1v0,2020-10-13T17:18:27.040Z,"21 km SW of Hirara, Japan",earthquake,8.3,5.9,0.081,46,reviewed,us,us
2020-09-27T04:13:42.060Z,35.0721,137.7091,45.41,5.2,mb,,87,0.553,1.05,us,us6000c1tl,2020-10-03T09:39:31.323Z,"27 km NE of Shinshiro, Japan",earthquake,3.6,6.1,0.098,34,reviewed,us,us
2020-09-26T23:53:56.670Z,-9.8904,160.8021,10,4.8,mb,,96,0.954,0.55,us,us6000c1sm,2020-10-08T22:50:00.040Z,"106 km ESE of Honiara, Solomon Islands",earthquake,8.3,1.9,0.09,38,reviewed,us,us
2020-09-26T22:58:41.252Z,54.4138,164.1174,10,4.5,mb,,179,3.534,0.73,us,us6000c3w7,2020-10-08T22:15:03.040Z,"227 km SSE of Ust’-Kamchatsk Staryy, Russia",earthquake,12,1.8,0.164,11,reviewed,us,us
2020-09-26T19:56:48.645Z,-10.9098,164.4609,10,4.3,mb,,146,4.677,1.28,us,us6000c3w4,2020-10-07T00:35:13.040Z,"147 km W of Lata, Solomon Islands",earthquake,10.6,1.9,0.168,10,reviewed,us,us
2020-09-26T19:05:26.870Z,22.3932,121.5041,8.41,4.1,mb,,109,0.576,0.71,us,us6000c3wb,2020-10-06T22:53:02.040Z,"89 km ENE of Hengchun, Taiwan",earthquake,4.1,4.7,0.109,23,reviewed,us,us
2020-09-26T15:36:35.807Z,40.4922,141.2912,89.74,4.5,mb,,145,0.343,1.01,us,us6000c1mq,2020-09-26T16:30:09.040Z,"17 km W of Hachinohe, Japan",earthquake,9.3,6,0.124,19,reviewed,us,us
2020-09-26T12:58:36.544Z,-8.5379,118.3084,133.04,4.2,mb,,85,3.886,1.03,us,us6000c1lt,2020-09-28T12:42:28.040Z,"17 km W of Dompu, Indonesia",earthquake,9.8,5.8,0.159,11,reviewed,us,us
2020-09-26T11:34:04.770Z,9.1895,126.5362,80.44,4.4,mb,,137,2.309,0.9,us,us6000c3vy,2020-10-18T08:18:10.040Z,"37 km NE of La Paz, Philippines",earthquake,10.6,6.7,0.114,22,reviewed,us,us
2020-09-26T09:35:09.652Z,7.7183,127.2838,10,4.5,mb,,126,1.809,0.81,us,us6000c3vs,2020-10-18T12:06:19.040Z,"81 km E of Kinablangan, Philippines",earthquake,7.8,1.9,0.135,16,reviewed,us,us
2020-09-26T08:03:55.799Z,47.1224,152.6902,76.6,4.4,mb,,144,6.788,0.85,us,us6000c3vx,2020-10-10T12:55:11.040Z,"Kuril Islands",earthquake,10.4,8.8,0.138,15,reviewed,us,us
2020-09-26T07:00:18.218Z,39.6452,54.5199,10,4.9,mb,,46,7.536,0.84,us,us6000c1jj,2020-10-10T06:31:31.646Z,"19 km NE of Balkanabat, Turkmenistan",earthquake,8.4,1.9,0.086,43,reviewed,us,us
2020-09-26T06:32:05.703Z,34.6789,74.3076,50.01,4.6,mb,,82,1.339,0.88,us,us6000c1ja,2020-10-09T12:25:59.888Z,"42 km NW of Bandipura, India",earthquake,6.2,7.9,0.092,35,reviewed,us,us
2020-09-26T06:23:48.075Z,23.8827,123.3046,27.06,4.6,mb,,78,0.64,0.97,us,us6000c1j8,2020-10-09T12:23:58.040Z,"71 km SSE of Yonakuni, Japan",earthquake,6.6,4.4,0.12,21,reviewed,us,us
2020-09-26T05:46:55.523Z,38.1981,56.051,10,5.2,mww,,54,6.282,0.85,us,us6000c1ix,2020-10-09T12:14:00.796Z,"88 km SSW of Serdar, Turkmenistan",earthquake,7.8,1.9,0.069,20,reviewed,us,us
2020-09-26T04:35:20.832Z,18.4569,145.9613,135.78,4.8,mb,,136,3.202,0.47,us,us6000c1i5,2020-09-26T04:58:56.040Z,"Pagan region, Northern Mariana Islands",earthquake,14.2,7.4,0.114,24,reviewed,us,us
2020-09-26T04:04:46.889Z,36.0154,69.708,108.52,4.5,mb,,66,1.568,0.92,us,us6000c1hq,2020-09-26T11:51:00.846Z,"52 km E of Nahrīn, Afghanistan",earthquake,5.5,8.1,0.073,55,reviewed,us,us
2020-09-26T03:26:59.776Z,14.6375,120.3248,24.21,4.2,mb,,140,2.9,0.82,us,us6000c3vf,2020-10-01T23:05:02.040Z,"7 km WNW of Banawang, Philippines",earthquake,15.4,7.9,0.2,8,reviewed,us,us
2020-09-25T21:41:25.233Z,49.1731,158.4377,10,4.5,mb,,113,3.857,0.8,us,us6000c1fr,2020-10-02T04:06:33.040Z,"235 km SE of Severo-Kuril’sk, Russia",earthquake,5,1.9,0.084,42,reviewed,us,us
2020-09-25T20:40:25.638Z,-6.6079,129.8533,163.07,4.5,mb,,98,1.98,0.93,us,us6000c1e3,2020-09-25T21:46:01.040Z,"Banda Sea",earthquake,7.9,7.4,0.087,43,reviewed,us,us
2020-09-25T20:34:13.715Z,28.0608,105.1159,39.18,4.5,mb,,43,4.419,0.83,us,us6000c1e1,2020-09-25T21:34:55.040Z,"58 km SE of Xunchang, China",earthquake,6.7,6.5,0.081,49,reviewed,us,us
2020-09-25T20:24:23.166Z,-10.6145,117.4915,36.03,4.6,mb,,58,3.922,0.94,us,us6000c1ds,2020-09-25T20:58:34.040Z,"234 km S of Sumbawa Besar, Indonesia",earthquake,7.5,4.9,0.075,61,reviewed,us,us
2020-09-25T19:28:46.440Z,1.9633,127.3262,107.75,4.6,mb,,101,1.184,0.98,us,us6000c1cr,2020-09-25T20:34:26.040Z,"80 km WNW of Tobelo, Indonesia",earthquake,7.6,6.7,0.066,73,reviewed,us,us
2020-09-25T18:14:36.309Z,34.252,78.2353,10,4,mb,,75,4.171,0.59,us,us6000c1i2,2020-09-27T18:12:09.946Z,"60 km E of Leh, India",earthquake,10.1,1.8,0.134,15,reviewed,us,us
2020-09-25T16:46:45.465Z,33.2092,139.8162,118.83,5.1,mb,,120,0.093,1.18,us,us6000c1a3,2020-09-25T17:57:07.460Z,"181 km SSE of Shimoda, Japan",earthquake,9.7,4.6,0.081,50,reviewed,us,us
2020-09-25T10:57:13.595Z,34.2638,78.1901,10,5.3,mww,,33,4.135,0.6,us,us6000c13w,2020-09-25T21:22:21.875Z,"56 km E of Leh, India",earthquake,7,1.8,0.073,18,reviewed,us,us
2020-09-25T08:46:20.100Z,7.739,126.823,55.51,4.5,mb,,119,1.401,0.49,us,us6000c12d,2020-10-09T12:04:29.040Z,"30 km E of Kinablangan, Philippines",earthquake,7.5,6.8,0.089,37,reviewed,us,us
2020-09-25T06:26:26.328Z,40.6169,79.2674,10,4.3,mb,,77,0.584,1.27,us,us6000c110,2020-10-08T11:26:38.040Z,"82 km WSW of Aykol, China",earthquake,3.9,1.9,0.188,8,reviewed,us,us
2020-09-25T04:31:39.336Z,-6.1158,151.7039,35,4.3,mb,,157,1.825,0.81,us,us6000c36r,2020-09-30T21:50:27.040Z,"184 km ESE of Kimbe, Papua New Guinea",earthquake,6.9,2,0.168,10,reviewed,us,us
2020-09-25T02:09:49.773Z,13.9088,144.5932,184.05,4.8,mb,,87,0.415,1.12,us,us6000c0zc,2020-09-29T02:11:41.496Z,"50 km NNW of Asan-Maina Village, Guam",earthquake,8.1,6.8,0.081,47,reviewed,us,us
2020-09-25T00:29:01.107Z,-6.9976,129.2635,173.94,4.1,mb,,86,2.243,0.56,us,us6000c36j,2020-10-02T03:13:34.040Z,"Banda Sea",earthquake,8.3,9.3,0.214,6,reviewed,us,us
2020-09-24T21:19:16.496Z,12.1375,140.2064,10,4.6,mb,,71,4.769,0.55,us,us6000c36f,2020-10-02T02:56:32.040Z,"264 km N of Fais, Micronesia",earthquake,12.6,1.9,0.101,29,reviewed,us,us
2020-09-24T17:42:12.974Z,-7.1949,125.1012,517.89,4.5,mb,,45,2.674,0.85,us,us6000c0p6,2020-09-24T18:26:03.040Z,"156 km N of Likisá, Timor Leste",earthquake,12.3,8.7,0.104,27,reviewed,us,us
2020-09-24T14:31:17.839Z,9.2996,126.5562,39.59,4.6,mb,,131,8.51,0.59,us,us6000c36b,2020-10-17T13:38:31.040Z,"40 km E of Cortes, Philippines",earthquake,10.4,8.9,0.125,19,reviewed,us,us
2020-09-24T14:28:11.367Z,35.8109,135.6166,356.54,4,mb,,64,1.239,0.52,us,us6000c0jq,2020-09-24T19:21:49.040Z,"36 km NNW of Obama, Japan",earthquake,5.5,9.2,0.184,8,reviewed,us,us
2020-09-24T13:15:15.978Z,29.5102,51.4363,10,4.5,mb,,87,4.412,0.91,us,us6000c0hf,2020-09-27T23:54:19.881Z,"24 km WSW of Kāzerūn, Iran",earthquake,5.8,1.9,0.111,24,reviewed,us,us
2020-09-24T09:35:18.796Z,-3.6252,128.4742,10,4.5,mb,,94,3.833,1.35,us,us6000c0gd,2020-09-24T11:14:56.040Z,"33 km ENE of Ambon, Indonesia",earthquake,7.7,1.9,0.156,13,reviewed,us,us
2020-09-24T09:34:06.486Z,5.2464,96.6839,218.55,4.1,mb,,66,0.262,1.06,us,us6000c367,2020-10-01T06:48:30.040Z,"5 km NNW of Bireun, Indonesia",earthquake,9.9,3.7,0.114,21,reviewed,us,us
2020-09-24T02:27:36.461Z,9.3036,126.4105,50,5,mb,,61,19.574,0.82,us,us6000c362,2020-10-09T03:09:27.040Z,"24 km E of Cortes, Philippines",earthquake,11.6,1.9,0.085,44,reviewed,us,us
2020-09-24T02:25:58.463Z,9.3766,126.672,12.9,5.2,mww,,60,2.534,0.68,us,us6000c0dp,2020-10-14T04:56:58.272Z,"53 km ENE of Cortes, Philippines",earthquake,8,3.3,0.083,14,reviewed,us,us
2020-09-24T01:01:26.245Z,38.1232,34.0726,10,4.4,mb,,53,1.571,0.8,us,us6000c0d6,2020-10-14T03:39:23.185Z,"27 km S of Aksaray, Turkey",earthquake,3.8,1.4,0.103,27,reviewed,us,us
2020-09-24T00:16:18.331Z,36.5451,70.9353,174.34,4.3,mb,,74,2.525,0.64,us,us6000c0cj,2020-10-04T03:49:12.264Z,"36 km SSE of Jurm, Afghanistan",earthquake,7.1,9.7,0.099,29,reviewed,us,us
2020-09-24T00:03:09.453Z,36.4905,70.2904,210.84,4.2,mb,,76,2.195,0.58,us,us6000c35p,2020-10-04T03:16:54.040Z,"39 km ESE of Farkhār, Afghanistan",earthquake,8.1,12.6,0.176,9,reviewed,us,us
2020-09-23T23:32:54.759Z,9.8762,126.1452,15.12,4.5,mb,,125,2.844,0.78,us,us6000c2jy,2020-10-04T03:06:48.040Z,"5 km ENE of Pilar, Philippines",earthquake,9.3,3.6,0.09,36,reviewed,us,us
2020-09-23T22:19:44.286Z,9.3421,126.9185,10,4.7,mb,,115,2.618,0.57,us,us6000c0bb,2020-10-03T00:30:53.538Z,"80 km E of Cortes, Philippines",earthquake,9,1.9,0.066,71,reviewed,us,us
2020-09-23T22:07:55.982Z,2.1682,126.751,56.49,4.7,mb,,59,1.517,0.66,us,us6000c0b1,2020-10-02T23:32:43.040Z,"148 km WNW of Tobelo, Indonesia",earthquake,6.4,5.8,0.069,63,reviewed,us,us
2020-09-23T20:59:35.558Z,3.672,126.1537,58.41,4,mb,,109,3.125,1.44,us,us6000c2jv,2020-10-02T16:32:53.040Z,"206 km SSE of Sarangani, Philippines",earthquake,7.4,8,0.144,13,reviewed,us,us
2020-09-23T18:28:27.971Z,-7.2225,129.0942,128.15,4.3,mb,,73,2.312,0.52,us,us6000c06q,2020-09-23T19:00:42.040Z,"272 km ENE of Lospalos, Timor Leste",earthquake,8.5,11.2,0.142,14,reviewed,us,us
2020-09-23T17:18:02.549Z,32.5664,141.5342,35,4.2,mb,,111,1.548,1.37,us,us6000c2jn,2020-10-02T16:07:53.040Z,"Izu Islands, Japan region",earthquake,6.7,1.9,0.187,8,reviewed,us,us
2020-09-23T16:05:56.425Z,10.8212,143.4812,10,4.5,mb,,141,3.067,0.6,us,us6000c2jl,2020-09-29T21:49:48.040Z,"299 km SSW of Merizo Village, Guam",earthquake,12.3,1.9,0.118,21,reviewed,us,us
2020-09-23T09:36:34.231Z,4.1961,64.1634,10,4.2,mb,,82,9.558,0.45,us,us6000c2jf,2020-10-16T07:42:34.040Z,"Carlsberg Ridge",earthquake,8.4,1.9,0.1,28,reviewed,us,us
2020-09-23T09:35:01.084Z,4.0291,64.3713,10,4.1,mb,,104,9.185,0.63,us,us6000c2jg,2020-10-16T07:33:19.040Z,"Carlsberg Ridge",earthquake,7,1.9,0.14,14,reviewed,us,us
2020-09-23T04:05:54.675Z,12.1574,123.9092,10,4.5,mb,,105,5.316,0.77,us,us6000c2j6,2020-10-09T02:39:02.040Z,"1 km NW of Palanas, Philippines",earthquake,9.8,1.8,0.145,14,reviewed,us,us
2020-09-23T04:00:00.819Z,23.326,121.5793,25.35,4.3,mwr,,90,0.267,0.85,us,us6000bzy6,2020-10-09T02:42:51.372Z,"72 km S of Hualien City, Taiwan",earthquake,2.4,4.8,0.06,27,reviewed,us,us
2020-09-23T03:51:05.282Z,33.2201,85.308,10,4.2,mb,,110,5.402,0.78,us,us6000c2j7,2020-10-09T02:11:42.040Z,"western Xizang",earthquake,5.6,1.9,0.124,18,reviewed,us,us
2020-09-23T02:07:49.914Z,36.1411,142.1457,10,4.3,mb,,143,3.203,0.75,us,us6000c2j3,2020-10-02T22:24:03.040Z,"126 km ENE of Hasaki, Japan",earthquake,8.3,1.9,0.142,14,reviewed,us,us
2020-09-23T00:09:37.094Z,9.2304,126.836,10,4.5,mb,,141,2.481,0.68,us,us6000c2j5,2020-09-29T21:22:17.040Z,"68 km ENE of Bacolod, Philippines",earthquake,12.6,1.9,0.102,28,reviewed,us,us
2020-09-22T22:57:42.429Z,-7.2029,123.2344,573.2,4.4,mb,,35,1.732,0.88,us,us6000bzvs,2020-09-27T23:32:55.040Z,"193 km NE of Maumere, Indonesia",earthquake,10,7,0.083,42,reviewed,us,us
2020-09-22T22:52:32.586Z,9.4148,127.3969,10,4.6,mb,,133,2.943,0.47,us,us6000c18k,2020-09-27T23:21:47.040Z,"132 km ENE of Aras-asan, Philippines",earthquake,8.9,1.9,0.125,19,reviewed,us,us
2020-09-22T21:27:59.314Z,9.1388,126.7237,10,4.1,mb,,142,2.347,0.57,us,us6000c18g,2020-09-27T23:08:35.040Z,"52 km ENE of Bacolod, Philippines",earthquake,11.9,1.9,0.186,8,reviewed,us,us
2020-09-22T20:06:46.822Z,-5.5981,152.6559,10,4.2,mb,,119,1.428,0.7,us,us6000c18f,2020-10-16T21:44:43.040Z,"145 km SSE of Kokopo, Papua New Guinea",earthquake,6.6,1.7,0.128,20,reviewed,us,us
2020-09-22T19:43:31.844Z,27.3906,55.3292,10,4.1,mb,,48,2.559,0.71,us,us6000bzrr,2020-10-15T21:55:41.040Z,"96 km WNW of Bandar Abbas, Iran",earthquake,7.4,1.9,0.097,35,reviewed,us,us
2020-09-22T16:10:29.177Z,34.0837,74.7947,10,4.4,mb,,134,1.341,0.29,us,us6000bzub,2020-09-27T18:56:09.670Z,"1 km WSW of Srinagar, India",earthquake,5.9,2,0.309,3,reviewed,us,us
2020-09-22T14:51:26.562Z,9.2548,126.826,10,4.4,mb,,113,2.497,0.66,us,us6000c183,2020-09-27T18:28:21.040Z,"68 km ENE of La Paz, Philippines",earthquake,7.3,1.9,0.144,14,reviewed,us,us
2020-09-22T10:43:16.291Z,7.3774,94.5426,10,4.4,mb,,158,3.204,0.47,us,us6000c17x,2020-10-16T06:44:37.040Z,"185 km NNW of Sabang, Indonesia",earthquake,12.8,2,0.138,15,reviewed,us,us
2020-09-22T10:15:58.835Z,-7.6336,128.4769,154.58,4.2,mb,,85,2.817,1.43,us,us6000c17v,2020-10-16T05:53:15.040Z,"190 km ENE of Lospalos, Timor Leste",earthquake,9.6,12.3,0.303,3,reviewed,us,us
2020-09-22T10:02:12.465Z,-6.8147,127.0007,409.82,4.2,mb,,99,3.981,0.62,us,us6000c17u,2020-10-11T13:40:16.040Z,"188 km N of Lospalos, Timor Leste",earthquake,12.2,15.3,0.264,4,reviewed,us,us
2020-09-22T04:29:30.651Z,-7.6012,127.7348,129.86,4.1,mb,,169,4.041,0.95,us,us6000c17t,2020-10-09T00:17:09.040Z,"130 km NE of Lospalos, Timor Leste",earthquake,11.4,7.5,0.185,8,reviewed,us,us
2020-09-22T04:24:34.185Z,-5.2018,127.6245,54.4,4.1,mb,,73,5.139,0.71,us,us6000c17h,2020-10-08T23:59:53.040Z,"177 km SSW of Ambon, Indonesia",earthquake,5.4,9.6,0.158,11,reviewed,us,us
2020-09-22T04:02:12.742Z,18.3353,147.1814,43.07,4.3,mb,,146,3.353,0.56,us,us6000c17g,2020-10-08T03:22:05.040Z,"Mariana Islands region",earthquake,5.4,8.6,0.148,13,reviewed,us,us
2020-09-22T03:46:51.500Z,35.7041,77.8313,62.17,4.1,mb,,110,4.281,0.97,us,us6000bzjp,2020-10-09T00:31:53.554Z,"Kashmir-Xinjiang border region",earthquake,5.2,11,0.233,5,reviewed,us,us
2020-09-22T01:50:14.023Z,13.2339,143.8867,10,4.2,mb,,122,1.018,0.94,us,us6000c17i,2020-10-08T01:45:56.040Z,"84 km W of Umatac Village, Guam",earthquake,4.2,1.9,0.167,10,reviewed,us,us
2020-09-22T01:39:24.770Z,-8.5698,111.078,93.03,4.3,mb,,108,0.853,0.88,us,us6000c17d,2020-10-08T01:26:48.040Z,"76 km S of Jatiroto, Indonesia",earthquake,8,6.6,0.147,13,reviewed,us,us
2020-09-22T01:19:04.256Z,-6.8396,129.3703,174.38,5,mww,,23,2.224,0.93,us,us6000bzj4,2020-10-09T00:26:27.050Z,"Banda Sea",earthquake,7.3,4.9,0.08,15,reviewed,us,us
2020-09-22T00:26:39.926Z,12.655,144.0725,10,4.5,mb,,84,1.209,0.77,us,us6000c17c,2020-09-25T21:45:53.040Z,"93 km SW of Merizo Village, Guam",earthquake,7.2,1.6,0.119,21,reviewed,us,us
2020-09-22T00:21:53.691Z,12.7624,143.9645,10,4.9,mb,,75,1.204,1.01,us,us6000c17f,2020-09-25T21:14:01.040Z,"94 km SW of Merizo Village, Guam",earthquake,9.5,1.3,0.093,36,reviewed,us,us
2020-09-21T19:58:34.584Z,26.2803,91.3167,39.62,4.4,mb,,76,3.386,1.17,us,us6000bzfi,2020-10-10T17:48:38.593Z,"21 km W of Hājo, India",earthquake,8.8,6.3,0.107,25,reviewed,us,us
2020-09-21T18:19:55.963Z,51.7902,103.4938,10,4.6,mb,,52,0.144,0.71,us,us6000bzfz,2020-09-28T15:45:02.803Z,"15 km WNW of Kultuk, Russia",earthquake,6.9,1.8,0.08,46,reviewed,us,us
2020-09-21T18:04:57.670Z,51.8574,103.48,10,5.6,mww,,28,0.204,0.68,us,us6000bzek,2020-09-28T15:53:40.955Z,"21 km NW of Kultuk, Russia",earthquake,7.5,1.8,0.068,21,reviewed,us,us
2020-09-21T16:56:48.878Z,37.186,30.7982,105.07,4,mb,,72,0.695,0.79,us,us6000bze9,2020-09-27T15:00:57.040Z,"15 km SSE of Kocaaliler, Turkey",earthquake,5.8,4.5,0.157,11,reviewed,us,us
2020-09-21T15:23:53.597Z,13.9855,145.1995,112.82,4.5,mb,,66,0.508,0.47,us,us6000c14n,2020-09-27T14:49:37.040Z,"60 km NE of Yigo Village, Guam",earthquake,9.6,3.9,0.093,34,reviewed,us,us
2020-09-21T13:15:17.723Z,32.288,141.8251,10,4.6,mb,,113,1.885,0.7,us,us7000bqr1,2020-09-27T13:56:29.040Z,"Izu Islands, Japan region",earthquake,9.4,1.7,0.137,16,reviewed,us,us
2020-09-21T11:18:08.483Z,43.4994,81.8397,10,4.5,mb,,57,1.724,0.48,us,us7000bqqj,2020-09-25T13:47:04.040Z,"69 km ESE of Qapqal, China",earthquake,6.2,1.9,0.118,21,reviewed,us,us
2020-09-21T10:26:37.112Z,-2.6809,121.2539,44.6,4.5,mb,,101,2.225,0.83,us,us7000bqqd,2020-09-22T09:01:34.040Z,"122 km ENE of Palopo, Indonesia",earthquake,7.9,6.2,0.181,10,reviewed,us,us
2020-09-21T06:34:34.475Z,-7.1138,129.9151,85.08,4.1,mb,,93,1.62,1.04,us,us7000bqp9,2020-10-16T13:15:13.040Z,"Kepulauan Babar, Indonesia",earthquake,6.4,9.3,0.157,11,reviewed,us,us
2020-09-21T04:28:59.352Z,9.2274,126.7687,10,4.6,mb,,142,2.446,0.55,us,us6000c14e,2020-09-27T22:42:35.040Z,"61 km ENE of La Paz, Philippines",earthquake,10.4,1.9,0.109,25,reviewed,us,us
2020-09-21T01:39:33.265Z,-5.6561,152.3741,10,4.5,mb,,128,1.384,0.62,us,us6000c14d,2020-09-27T22:01:42.040Z,"145 km S of Kokopo, Papua New Guinea",earthquake,9.9,1.8,0.115,22,reviewed,us,us
2020-09-20T23:54:51.082Z,22.7988,121.6496,10,4.6,mb,,79,0.526,0.91,us,us7000bqlw,2020-09-27T03:33:25.040Z,"127 km ESE of Yujing, Taiwan",earthquake,4.4,1.6,0.057,91,reviewed,us,us
2020-09-20T23:09:04.995Z,-4.4712,153.2601,44.39,4.4,mb,,110,1.128,0.64,us,us6000c0mj,2020-09-26T02:02:51.040Z,"110 km E of Kokopo, Papua New Guinea",earthquake,4.9,6.7,0.127,18,reviewed,us,us
2020-09-20T22:58:54.124Z,9.4883,127.3912,10,4.1,mb,,137,2.998,0.94,us,us6000c0mi,2020-10-07T23:30:00.220Z,"133 km E of Cortes, Philippines",earthquake,12.8,1.9,0.145,13,reviewed,us,us
2020-09-20T22:45:46.468Z,49.721,155.618,66.46,4.2,mb,,138,3.633,0.35,us,us6000c0mh,2020-10-07T23:20:22.040Z,"112 km SSW of Severo-Kuril’sk, Russia",earthquake,11.2,7.3,0.215,6,reviewed,us,us
2020-09-20T22:21:49.003Z,9.4072,126.9428,10,5.3,mww,,41,2.686,0.72,us,us7000bql5,2020-10-08T00:03:23.261Z,"83 km E of Cortes, Philippines",earthquake,7.7,1.8,0.098,10,reviewed,us,us
2020-09-20T22:13:15.044Z,9.2614,126.6799,9,5.8,mww,,43,2.435,0.56,us,us7000bql2,2020-10-07T23:38:21.051Z,"53 km E of Cortes, Philippines",earthquake,7.2,1.7,0.052,35,reviewed,us,us
2020-09-20T22:13:09.435Z,23.9188,122.7725,38.09,4.1,mwr,,106,0.587,0.45,us,us6000c0mp,2020-10-07T22:21:54.040Z,"64 km SSW of Yonakuni, Japan",earthquake,4.4,8.6,0.069,20,reviewed,us,us
2020-09-20T20:41:23.052Z,38.3216,74.5249,142.43,4.5,mb,,89,2.418,0.73,us,us7000bqkl,2020-09-20T20:59:42.040Z,"51 km ENE of Murghob, Tajikistan",earthquake,3.8,13.8,0.192,8,reviewed,us,us
2020-09-20T19:08:08.013Z,38.0495,34.0604,10,5.2,mww,,51,1.615,1.01,us,us7000bqjg,2020-09-23T13:22:29.086Z,"25 km NE of Emirgazi, Turkey",earthquake,4.8,1.8,0.06,27,reviewed,us,us
2020-09-20T17:47:20.534Z,18.6675,121.0371,10,4.7,mb,,123,1.239,1.2,us,us7000bqix,2020-09-20T23:10:22.095Z,"8 km NW of Claveria, Philippines",earthquake,7.8,1.9,0.064,74,reviewed,us,us
2020-09-20T16:55:04.012Z,-6.6024,153.841,10,5,mb,,61,2.909,0.53,us,us7000bqik,2020-09-24T19:58:18.040Z,"184 km W of Panguna, Papua New Guinea",earthquake,3.9,1.7,0.062,83,reviewed,us,us
2020-09-20T15:57:20.270Z,2.0118,124.3338,271.23,4,mb,,121,3.272,0.33,us,us6000c0mg,2020-09-24T19:52:28.040Z,"81 km NW of Manado, Indonesia",earthquake,9.8,8.4,0.144,13,reviewed,us,us
2020-09-20T15:12:52.490Z,-7.2003,130.0569,116.6,4.1,mb,,154,1.455,0.5,us,us6000c0ma,2020-09-24T19:16:59.040Z,"Pulau Pulau Tanimbar, Indonesia",earthquake,11.2,6.4,0.235,5,reviewed,us,us
2020-09-20T13:28:27.879Z,6.6811,125.5349,181.23,5,mww,,78,0.388,1.11,us,us7000bqi2,2020-09-24T19:03:40.254Z,"Mindanao, Philippines",earthquake,8.4,4.1,0.093,11,reviewed,us,us
2020-09-20T10:48:34.862Z,34.974,140.2494,73.56,4.8,mb,,130,1.725,0.89,us,us7000bqgi,2020-10-07T06:03:38.689Z,"19 km SE of Kamogawa, Japan",earthquake,7,8.1,0.097,33,reviewed,us,us
2020-09-20T09:21:52.070Z,-8.7965,120.4825,140.27,4.3,mb,,89,1.742,0.79,us,us7000bqfp,2020-10-02T12:14:17.040Z,"20 km S of Ruteng, Indonesia",earthquake,6.7,9,0.16,11,reviewed,us,us
2020-09-20T08:23:20.865Z,-7.1187,129.4951,147.99,4.2,mb,,82,1.983,0.49,us,us7000bqfb,2020-10-15T10:22:38.040Z,"Kepulauan Babar, Indonesia",earthquake,8.3,7.3,0.152,12,reviewed,us,us
2020-09-20T08:14:19.074Z,5.6718,126.6475,93.87,4.6,mb,,121,1.748,0.42,us,us7000bqf9,2020-09-20T08:36:26.040Z,"92 km SE of Pondaguitan, Philippines",earthquake,8.3,6.6,0.105,27,reviewed,us,us
2020-09-20T03:50:37.961Z,12.737,123.4207,43.78,4.5,mb,,115,5.577,0.97,us,us6000c0lh,2020-10-16T01:11:49.040Z,"9 km E of Osmeña, Philippines",earthquake,14.2,8.6,0.135,16,reviewed,us,us
2020-09-20T01:59:05.639Z,22.99,93.7675,53.87,4.7,mww,,38,0.379,0.78,us,us7000bqcm,2020-10-16T00:50:02.040Z,"12 km NE of Falam, Myanmar",earthquake,4.8,4.3,0.098,10,reviewed,us,us
2020-09-20T01:32:38.873Z,17.4197,146.1548,123.08,4.5,mb,,46,2.194,1.15,us,us7000bqcd,2020-10-16T00:43:35.040Z,"Alamagan region, Northern Mariana Islands",earthquake,7.6,6.1,0.064,72,reviewed,us,us
2020-09-20T00:04:50.331Z,36.7849,140.52,19.84,4.6,mb,,110,1.873,0.68,us,us7000bqc1,2020-10-02T05:52:16.433Z,"15 km E of Daigo, Japan",earthquake,4.9,3.9,0.057,93,reviewed,us,us
2020-09-19T23:38:33.241Z,-8.9215,124.2454,68.5,4,mb,,149,0.828,0.47,us,us6000c0is,2020-10-02T05:16:42.040Z,"34 km NNW of Pante Makasar, Timor Leste",earthquake,6.7,10.8,0.211,6,reviewed,us,us
2020-09-19T23:05:22.096Z,5.8761,126.917,67.67,4.3,mb,,122,1.781,0.62,us,us6000c0il,2020-10-02T04:29:03.040Z,"97 km ESE of Pondaguitan, Philippines",earthquake,10.4,4.4,0.129,17,reviewed,us,us
2020-09-19T21:48:11.490Z,12.8036,123.2338,10,4.4,mb,,130,10.691,0.77,us,us6000c0ih,2020-10-02T03:55:36.040Z,"4 km SW of Mabiton, Philippines",earthquake,9.7,1.9,0.139,15,reviewed,us,us
2020-09-19T19:24:27.386Z,4.141,126.6946,41.27,4.3,mb,,160,3.114,0.89,us,us6000c0ij,2020-09-26T03:38:20.040Z,"195 km SE of Sarangani, Philippines",earthquake,8.7,9.8,0.116,21,reviewed,us,us
2020-09-19T19:09:47.931Z,39.4423,73.3929,10,4.2,mb,,114,1.229,0.79,us,us7000bq9j,2020-09-26T03:02:07.040Z,"97 km E of Kyzyl-Eshme, Kyrgyzstan",earthquake,5.3,2,0.303,3,reviewed,us,us
2020-09-19T18:46:51.326Z,2.4442,126.7581,40.1,4.2,mb,,118,1.769,0.52,us,us6000c0ib,2020-10-14T18:01:01.040Z,"160 km WNW of Tobelo, Indonesia",earthquake,6.2,9.8,0.128,19,reviewed,us,us
2020-09-19T17:01:34.151Z,27.7965,53.1233,10,4.1,mb,,73,3.962,0.97,us,us6000c0ia,2020-10-14T16:48:31.040Z,"35 km NE of Mohr, Iran",earthquake,10.7,1.9,0.127,19,reviewed,us,us
2020-09-19T12:52:57.833Z,-6.3275,128.8253,270.15,4.3,mb,,79,2.954,0.63,us,us6000c0hy,2020-10-11T11:23:46.040Z,"299 km SSE of Ambon, Indonesia",earthquake,10,10.2,0.153,12,reviewed,us,us
2020-09-19T09:30:06.529Z,37.0319,35.8558,10,4.4,mb,,72,1.091,0.96,us,us7000bq5r,2020-09-24T20:55:32.040Z,"3 km ENE of Ceyhan, Turkey",earthquake,4.9,1.9,0.144,14,reviewed,us,us
2020-09-19T07:34:32.885Z,-10.8189,164.511,50.17,4.3,mb,,131,4.697,0.56,us,us6000c0hr,2020-10-02T11:56:52.040Z,"141 km W of Lata, Solomon Islands",earthquake,8.4,9.2,0.168,10,reviewed,us,us
2020-09-19T05:24:40.367Z,41.3916,142.4004,42.47,4.4,mb,,147,0.842,0.78,us,us7000bq4q,2020-10-01T05:57:42.040Z,"99 km E of Mutsu, Japan",earthquake,5.7,9.5,0.144,14,reviewed,us,us
2020-09-19T04:50:25.437Z,5.1533,96.6164,31.24,4.5,mb,,66,0.337,0.66,us,us6000c0hj,2020-10-16T00:39:37.040Z,"10 km WSW of Bireun, Indonesia",earthquake,6,5.3,0.171,10,reviewed,us,us
2020-09-18T21:03:58.477Z,42.1134,83.4762,10,4.5,mb,,47,3.181,0.74,us,us6000c04c,2020-09-26T02:15:36.040Z,"63 km NE of Kuqa, China",earthquake,4.4,1.9,0.113,23,reviewed,us,us
2020-09-18T20:59:48.574Z,-5.6311,146.9786,134.54,5.2,mww,,20,3.585,0.94,us,us7000bpzv,2020-10-12T21:33:38.475Z,"120 km N of Lae, Papua New Guinea",earthquake,6.7,4.4,0.086,13,reviewed,us,us
2020-09-18T20:55:48.600Z,43.8948,81.918,10,4.7,mb,,35,1.855,0.93,us,us7000bpzl,2020-10-12T21:28:08.900Z,"67 km E of Qapqal, China",earthquake,4.7,1.9,0.065,71,reviewed,us,us
2020-09-18T18:43:28.149Z,2.3965,126.8005,31.9,5.2,mww,,23,1.71,0.87,us,us7000bpxt,2020-10-12T20:48:56.040Z,"153 km WNW of Tobelo, Indonesia",earthquake,5.3,3.6,0.086,13,reviewed,us,us
2020-09-18T17:53:39.631Z,23.3836,94.5477,90.39,4.4,mb,,86,2.767,0.46,us,us6000c04a,2020-10-13T18:42:28.563Z,"32 km SSE of Mawlaik, Myanmar",earthquake,6.9,7.3,0.117,24,reviewed,us,us
2020-09-18T17:47:49.565Z,38.0113,73.6916,36.3,5.1,mb,,37,2.082,0.83,us,us7000bpx2,2020-10-13T15:51:14.040Z,"29 km SW of Murghob, Tajikistan",earthquake,4.5,5.9,0.045,162,reviewed,us,us
2020-09-18T12:04:30.716Z,30.1854,141.031,69.24,4.3,mb,,136,3.099,0.62,us,us6000c048,2020-10-11T06:56:05.040Z,"Izu Islands, Japan region",earthquake,11.5,7.8,0.168,10,reviewed,us,us
2020-09-18T10:44:51.481Z,41.9291,83.5996,10,4.6,mb,,43,3.342,0.69,us,us7000bprf,2020-09-24T14:50:54.040Z,"60 km ENE of Kuqa, China",earthquake,2.3,1.9,0.099,32,reviewed,us,us
2020-09-18T08:37:46.300Z,36.2659,70.0553,166.78,4.5,mb,,128,1.909,0.83,us,us7000bpqu,2020-10-01T05:14:16.816Z,"38 km SSE of Farkhār, Afghanistan",earthquake,10.4,10.9,0.163,11,reviewed,us,us
2020-09-18T08:24:01.622Z,26.203,105.4713,10,4.6,mb,,105,5.062,0.46,us,us7000bpqr,2020-10-01T05:12:45.040Z,"46 km W of Anshun, China",earthquake,8,1.9,0.107,26,reviewed,us,us
2020-09-18T07:47:16.248Z,43.9725,147.8831,63.62,4.6,mb,,182,3.817,0.64,us,us6000c03w,2020-10-01T05:07:53.040Z,"95 km ENE of Shikotan, Russia",earthquake,12.4,9.9,0.114,23,reviewed,us,us
2020-09-18T06:54:05.775Z,38.6773,38.0409,5,4.2,mwr,,70,0.474,0.71,us,us7000bpq0,2020-10-01T04:42:16.040Z,"14 km NW of Yazıhan, Turkey",earthquake,3.5,2,0.093,11,reviewed,us,us
2020-09-18T06:47:15.716Z,38.282,75.6017,127.98,4.4,mb,,92,3.149,1.07,us,us7000bppw,2020-09-30T09:09:51.040Z,"136 km SSW of Kashgar, China",earthquake,7.1,10.6,0.149,13,reviewed,us,us
2020-09-18T04:09:03.078Z,55.7134,161.3939,85.96,4.6,mb,,73,3.137,0.85,us,us7000bpnu,2020-10-16T00:32:15.040Z,"75 km SSE of Klyuchi, Russia",earthquake,4.2,6.1,0.063,74,reviewed,us,us
2020-09-18T03:50:15.075Z,-5.8702,151.3329,51.67,4.7,mb,,61,1.699,1.15,us,us6000c03u,2020-10-16T00:30:47.040Z,"137 km ESE of Kimbe, Papua New Guinea",earthquake,9,7.4,0.108,26,reviewed,us,us
2020-09-18T00:15:13.660Z,38.7696,42.2047,10,4,mb,,47,0.81,1.28,us,us7000bpn1,2020-09-26T02:22:09.040Z,"24 km W of Ahlat, Turkey",earthquake,5,1.9,0.104,25,reviewed,us,us
